country_iso2,name,code,city,region,latitude,longitude,port_type,status,traffic_level,annual_capacity,teu_capacity,trade_volume,importance_score,weather_risk,political_risk,logistic_risk,risk_score,risk_level,main_industries,shipping_routes,ai_recommendation,description
AL,Durres,DUR51,Durrës,"Durrës County",41.32,19.45,"Offshore Terminal",Active,Medium,35094240,7370078,1341447,0.65,79,5,35,39.67,Low,Machinery,4,"Optimize supply chain through Durres to reduce delays.","The port of Durres is located in Durrës, Durrës County. It plays a significant role in the region's trade."
AL,Shengjin,SHE72,Shengjin,Albania,41.82,19.6,"Dry Port",Active,Low,43235374,4035504,13750568,0.67,37,44,47,42.67,Medium,Automotive,20,"Optimize supply chain through Shengjin to reduce delays.","The port of Shengjin is located in Shengjin, Albania. It plays a significant role in the region's trade."
AL,Vlores,VLO78,Vlore,"Vlore County",40.47,19.5,"Offshore Terminal",Active,Low,2701586,7633212,11923965,0.74,46,1,90,45.67,Medium,"Automotive, Electronics, Energy",17,"Optimize supply chain through Vlores to reduce delays.","The port of Vlores is located in Vlore, Vlore County. It plays a significant role in the region's trade."
DZ,Skikda,SKI86,Skikda,"Skikda Province",36.88,6.92,"River Port",Active,Low,48513515,9134244,1338736,0.61,26,62,18,35.33,Low,Automotive,12,"Optimize supply chain through Skikda to reduce delays.","The port of Skikda is located in Skikda, Skikda Province. It plays a significant role in the region's trade."
DZ,Djen-djen,DJE15,Djen-djen,Algeria,36.82,5.88,"Dry Port",Active,High,45689778,8773394,11432391,0.65,4,80,2,28.67,Low,"Automotive, Machinery, Chemicals",8,"Optimize supply chain through Djen-djen to reduce delays.","The port of Djen-djen is located in Djen-djen, Algeria. It plays a significant role in the region's trade."
DZ,Dellys,DEL18,Dellys,Algeria,36.92,3.92,Seaport,Active,High,27952364,8530313,14091559,0.67,55,74,49,59.33,Medium,"Energy, Chemicals",7,"Optimize supply chain through Dellys to reduce delays.","The port of Dellys is located in Dellys, Algeria. It plays a significant role in the region's trade."
DZ,Alger,ALG40,Algiers,"Algiers Province",36.77,3.07,"Offshore Terminal",Active,Medium,26467352,8361015,5347511,0.87,20,86,18,41.33,Medium,"Energy, Chemicals, Electronics",10,"Optimize supply chain through Alger to reduce delays.","The port of Alger is located in Algiers, Algiers Province. It plays a significant role in the region's trade."
DZ,Arzew,ARZ82,Arzew,Oran,35.85,-0.3,"River Port",Active,Low,37048074,2143826,7904102,0.74,23,46,28,32.33,Low,"Agriculture, Electronics",4,"Optimize supply chain through Arzew to reduce delays.","The port of Arzew is located in Arzew, Oran. It plays a significant role in the region's trade."
DZ,Jijel,JIJ12,Jijel,Algeria,36.83,5.78,"Offshore Terminal",Active,High,48415328,2593781,10616665,0.79,24,33,75,44,Medium,"Automotive, Chemicals",2,"Optimize supply chain through Jijel to reduce delays.","The port of Jijel is located in Jijel, Algeria. It plays a significant role in the region's trade."
DZ,"Beni Saf",BEN10,"Beni Saf",Algeria,35.3,-1.38,Seaport,Active,High,2697451,9279200,13501626,0.71,83,46,49,59.33,Medium,Electronics,20,"Optimize supply chain through Beni Saf to reduce delays.","The port of Beni Saf is located in Beni Saf, Algeria. It plays a significant role in the region's trade."
DZ,"Mers El Kebir",MER61,Mers-el-Kebir,Oran,35.73,-0.7,"Offshore Terminal",Active,Low,44465285,1604670,15439960,0.72,2,14,6,7.33,Low,"Automotive, Energy",2,"Optimize supply chain through Mers El Kebir to reduce delays.","The port of Mers El Kebir is located in Mers-el-Kebir, Oran. It plays a significant role in the region's trade."
AS,"Pago Pago Harbor",PAG55,"Pago Pago","American Samoa",-14.28,-170.67,"Dry Port",Active,Low,26883704,9601278,14041815,0.91,71,42,95,69.33,Medium,Automotive,13,"Optimize supply chain through Pago Pago Harbor to reduce delays.","The port of Pago Pago Harbor is located in Pago Pago, American Samoa. It plays a significant role in the region's trade."
AO,"Kizomba B Terminal",KIZ74,Kizomba,Angola,-6.35,11.15,"Dry Port",Active,Medium,37414513,5952840,9724659,0.98,39,62,93,64.67,Medium,"Machinery, Textiles",14,"Optimize supply chain through Kizomba B Terminal to reduce delays.","The port of Kizomba B Terminal is located in Kizomba, Angola. It plays a significant role in the region's trade."
AO,"Girassol Terminal",GIR28,Girassol,Luanda,-7.65,11.68,"River Port",Active,High,32760155,8194835,12945571,0.96,28,44,2,24.67,Low,"Electronics, Agriculture",18,"Optimize supply chain through Girassol Terminal to reduce delays.","The port of Girassol Terminal is located in Girassol, Luanda. It plays a significant role in the region's trade."
AO,"Psvm Terminal",PSV90,Luanda,"Luanda Province",-6.25,10.73,"Dry Port",Active,Low,17497884,3690940,5285785,0.76,87,93,2,60.67,Medium,Electronics,12,"Optimize supply chain through Psvm Terminal to reduce delays.","The port of Psvm Terminal is located in Luanda, Luanda Province. It plays a significant role in the region's trade."
AO,"Futila Terminal",FUT36,"Futila Terminal",Angola,-5.45,12.18,"Dry Port",Active,Low,10605078,8064784,19280591,0.71,83,8,66,52.33,Medium,"Chemicals, Machinery",13,"Optimize supply chain through Futila Terminal to reduce delays.","The port of Futila Terminal is located in Futila Terminal, Angola. It plays a significant role in the region's trade."
AO,"Kuito Oil Field",KUI25,"Kuito Marine Terminal",Benguela,-5.47,11.5,"River Port",Active,Medium,12090726,4685507,8459049,0.86,39,29,94,54,Medium,"Energy, Chemicals",2,"Optimize supply chain through Kuito Oil Field to reduce delays.","The port of Kuito Oil Field is located in Kuito Marine Terminal, Benguela. It plays a significant role in the region's trade."
AO,Luanda,LUA58,Luanda,"Luanda Province",-8.8,13.25,Seaport,Active,Low,42212975,241372,3343277,0.68,81,54,68,67.67,Medium,Agriculture,10,"Optimize supply chain through Luanda to reduce delays.","The port of Luanda is located in Luanda, Luanda Province. It plays a significant role in the region's trade."
AO,"Takula Terminal",TAK99,"Takula Terminal",Angola,-5.22,11.78,"River Port",Active,Low,24151444,4964024,5457913,0.68,73,55,19,49,Medium,"Chemicals, Energy, Electronics",4,"Optimize supply chain through Takula Terminal to reduce delays.","The port of Takula Terminal is located in Takula Terminal, Angola. It plays a significant role in the region's trade."
AO,Cabinda,CAB75,Cabinda,"Cabinda Province",-5.53,12.2,"Dry Port",Active,High,37914578,6616424,15750085,0.92,88,96,25,69.67,Medium,"Textiles, Automotive, Energy",9,"Optimize supply chain through Cabinda to reduce delays.","The port of Cabinda is located in Cabinda, Cabinda Province. It plays a significant role in the region's trade."
AO,"Kizomba A Terminal",KIZ39,"Kizomba A FPSO",Angola,-6.32,11.05,"Offshore Terminal",Active,High,17507029,4447637,13282717,0.88,8,19,67,31.33,Low,"Agriculture, Automotive",4,"Optimize supply chain through Kizomba A Terminal to reduce delays.","The port of Kizomba A Terminal is located in Kizomba A FPSO, Angola. It plays a significant role in the region's trade."
AO,"Palanca Terminal",PAL26,Palanca,Luanda,-6.95,12.4,"River Port",Active,High,4609790,249486,6162493,0.99,68,90,73,77,High,"Energy, Electronics",10,"Optimize supply chain through Palanca Terminal to reduce delays.","The port of Palanca Terminal is located in Palanca, Luanda. It plays a significant role in the region's trade."
AO,"Porto Amboim",POR70,"Porto Amboim",Angola,-10.73,13.75,"Offshore Terminal",Active,High,11672214,7060219,19858307,0.99,61,56,82,66.33,Medium,"Chemicals, Automotive",9,"Optimize supply chain through Porto Amboim to reduce delays.","The port of Porto Amboim is located in Porto Amboim, Angola. It plays a significant role in the region's trade."
AO,Sumbe,SUM64,Sumbe,Angola,-11.2,13.83,"Dry Port",Active,Medium,3736619,3100803,6384412,0.75,68,10,74,50.67,Medium,"Chemicals, Automotive, Textiles",10,"Optimize supply chain through Sumbe to reduce delays.","The port of Sumbe is located in Sumbe, Angola. It plays a significant role in the region's trade."
AQ,"Port Lockroy",POR30,"Port Lockroy",Antarctica,-64.82,-63.5,Seaport,Active,Low,48933472,1355785,2628180,0.84,11,42,96,49.67,Medium,"Electronics, Machinery",18,"Optimize supply chain through Port Lockroy to reduce delays.","The port of Port Lockroy is located in Port Lockroy, Antarctica. It plays a significant role in the region's trade."
AQ,"Scotia Bay",SCO32,"Scotia Bay",Antarctica,-60.75,-44.72,Seaport,Active,Low,13523633,7729800,5260581,0.92,74,72,77,74.33,Medium,Electronics,3,"Optimize supply chain through Scotia Bay to reduce delays.","The port of Scotia Bay is located in Scotia Bay, Antarctica. It plays a significant role in the region's trade."
AQ,"Admiralty Bay",ADM85,"Admiralty Bay",Antarctica,-62.08,-58.42,Seaport,Active,Low,41305003,3802923,10310749,0.58,54,93,58,68.33,Medium,Textiles,16,"Optimize supply chain through Admiralty Bay to reduce delays.","The port of Admiralty Bay is located in Admiralty Bay, Antarctica. It plays a significant role in the region's trade."
AQ,"Melchior Harbor",MEL88,"Melchior Harbor",Antarctica,-64.32,-63,"Offshore Terminal",Active,Medium,23701169,9499681,4575898,0.9,95,71,21,62.33,Medium,Textiles,16,"Optimize supply chain through Melchior Harbor to reduce delays.","The port of Melchior Harbor is located in Melchior Harbor, Antarctica. It plays a significant role in the region's trade."
AQ,"Mcmurdo Station",MCM90,"Mcmurdo Station",Antarctica,-77.85,166.65,Seaport,Active,High,35388923,5061075,17123085,0.86,26,39,48,37.67,Low,"Machinery, Textiles, Agriculture",4,"Optimize supply chain through Mcmurdo Station to reduce delays.","The port of Mcmurdo Station is located in Mcmurdo Station, Antarctica. It plays a significant role in the region's trade."
AQ,"Ellefsen Harbor",ELL60,"Ellefsen Harbor",Antarctica,-60.73,-45.03,"Offshore Terminal",Active,Low,47566234,8050278,19457922,0.61,77,9,62,49.33,Medium,"Machinery, Automotive",20,"Optimize supply chain through Ellefsen Harbor to reduce delays.","The port of Ellefsen Harbor is located in Ellefsen Harbor, Antarctica. It plays a significant role in the region's trade."
AG,"St Johns",STJ73,"St John's","Saint John",17.12,-61.85,"Dry Port",Active,Low,25834522,9547941,12511471,0.92,9,65,86,53.33,Medium,"Machinery, Agriculture, Chemicals",8,"Optimize supply chain through St Johns to reduce delays.","The port of St Johns is located in St John's, Saint John. It plays a significant role in the region's trade."
AR,"Villa Constitucion",VIL37,"Puerto Acevedo",Misiones,-33.3,-60.33,"Offshore Terminal",Active,High,7131437,211720,4413874,0.99,65,56,41,54,Medium,Energy,9,"Optimize supply chain through Villa Constitucion to reduce delays.","The port of Villa Constitucion is located in Puerto Acevedo, Misiones. It plays a significant role in the region's trade."
AR,"Puerto Santa Cruz",PUE99,"Puerto Santa Cruz",Argentina,-50.02,-68.52,"Dry Port",Active,High,14693400,7070007,8147726,0.79,8,89,33,43.33,Medium,"Automotive, Chemicals",20,"Optimize supply chain through Puerto Santa Cruz to reduce delays.","The port of Puerto Santa Cruz is located in Puerto Santa Cruz, Argentina. It plays a significant role in the region's trade."
AR,"Buenos Aires",BUE84,"Buenos Aires","Buenos Aires",-34.6,-58.37,"Dry Port",Active,High,13811394,4996711,4420583,0.95,7,50,16,24.33,Low,"Agriculture, Machinery, Automotive",17,"Optimize supply chain through Buenos Aires to reduce delays.","The port of Buenos Aires is located in Buenos Aires, Buenos Aires. It plays a significant role in the region's trade."
AR,"Mar Del Plata",MAR58,"Mar del Plata","Buenos Aires",-38.03,-57.53,Seaport,Active,Low,30284372,4567617,11965282,0.86,83,26,33,47.33,Medium,Textiles,6,"Optimize supply chain through Mar Del Plata to reduce delays.","The port of Mar Del Plata is located in Mar del Plata, Buenos Aires. It plays a significant role in the region's trade."
AR,"Villa Constitucion",VIL84,"Villa Constitución","Santa Fe",-33.23,-60.33,Seaport,Active,Low,19899042,2046098,6927423,0.91,47,81,86,71.33,Medium,"Automotive, Energy",20,"Optimize supply chain through Villa Constitucion to reduce delays.","The port of Villa Constitucion is located in Villa Constitución, Santa Fe. It plays a significant role in the region's trade."
AR,Rosario,ROS30,Rosario,"Santa Fe",-32.95,-60.63,"Dry Port",Active,Low,10934757,922386,2562425,0.85,63,38,99,66.67,Medium,Machinery,14,"Optimize supply chain through Rosario to reduce delays.","The port of Rosario is located in Rosario, Santa Fe. It plays a significant role in the region's trade."
AR,"San Nicolas",SAN39,"San Nicolás","Buenos Aires",-33.33,-60.23,"Dry Port",Active,High,5667868,7013879,3171434,1,5,12,19,12,Low,Chemicals,9,"Optimize supply chain through San Nicolas to reduce delays.","The port of San Nicolas is located in San Nicolás, Buenos Aires. It plays a significant role in the region's trade."
AR,"San Sebastian Bay",SAN77,"San Sebastian Bay",Argentina,-53.17,-68.5,"Offshore Terminal",Active,High,12246232,4072453,8833494,0.85,75,74,42,63.67,Medium,Automotive,11,"Optimize supply chain through San Sebastian Bay to reduce delays.","The port of San Sebastian Bay is located in San Sebastian Bay, Argentina. It plays a significant role in the region's trade."
AW,"Sint Nicolaas Baai",SIN32,"San Nicolas",Aruba,12.43,-69.92,"Offshore Terminal",Active,High,39942142,9329560,4530728,0.69,11,2,3,5.33,Low,Automotive,19,"Optimize supply chain through Sint Nicolaas Baai to reduce delays.","The port of Sint Nicolaas Baai is located in San Nicolas, Aruba. It plays a significant role in the region's trade."
AW,"Paarden Baai - (oranjestad)",PAA40,Oranjestad,Aruba,12.52,-70.03,"Offshore Terminal",Active,Medium,45816573,4025424,8493708,0.71,5,64,29,32.67,Low,"Automotive, Agriculture",10,"Optimize supply chain through Paarden Baai - (oranjestad) to reduce delays.","The port of Paarden Baai - (oranjestad) is located in Oranjestad, Aruba. It plays a significant role in the region's trade."
AU,Bundaberg,BUN53,Bundaberg,Queensland,-24.87,152.35,"River Port",Active,Medium,49600557,5759554,10778000,0.87,99,69,70,79.33,High,Energy,3,"Optimize supply chain through Bundaberg to reduce delays.","The port of Bundaberg is located in Bundaberg, Queensland. It plays a significant role in the region's trade."
AU,Devonport,DEV33,Devonport,Tasmania,-41.18,146.37,"River Port",Active,High,27324112,9334687,7765961,0.95,3,61,61,41.67,Medium,"Energy, Machinery",7,"Optimize supply chain through Devonport to reduce delays.","The port of Devonport is located in Devonport, Tasmania. It plays a significant role in the region's trade."
AU,Burnie,BUR71,Burnie,Tasmania,-41.05,145.95,Seaport,Active,Low,48404904,1660753,11670797,0.65,58,81,16,51.67,Medium,"Chemicals, Machinery, Textiles",16,"Optimize supply chain through Burnie to reduce delays.","The port of Burnie is located in Burnie, Tasmania. It plays a significant role in the region's trade."
AU,Broome,BRO42,Broome,"Western Australia",-17.97,122.23,"Offshore Terminal",Active,High,11457402,5248684,19996634,1,3,97,65,55,Medium,Chemicals,11,"Optimize supply chain through Broome to reduce delays.","The port of Broome is located in Broome, Western Australia. It plays a significant role in the region's trade."
AU,Dover,DOV98,Dover,Australia,-43.32,147.03,"Offshore Terminal",Active,Medium,43804641,7331197,12277724,0.62,14,22,22,19.33,Low,Machinery,19,"Optimize supply chain through Dover to reduce delays.","The port of Dover is located in Dover, Australia. It plays a significant role in the region's trade."
AU,"Port Huon",POR32,"Port Huon",Australia,-43.17,146.98,"Offshore Terminal",Active,High,11577553,2512064,19605111,0.64,69,43,66,59.33,Medium,Textiles,5,"Optimize supply chain through Port Huon to reduce delays.","The port of Port Huon is located in Port Huon, Australia. It plays a significant role in the region's trade."
AU,"Port Adelaide",POR91,Adelaide,"South Australia",-34.85,138.5,"Offshore Terminal",Active,Low,28825631,4503167,1689739,0.87,76,97,42,71.67,Medium,"Textiles, Energy",4,"Optimize supply chain through Port Adelaide to reduce delays.","The port of Port Adelaide is located in Adelaide, South Australia. It plays a significant role in the region's trade."
AU,"Port Giles",POR36,"Port Giles","South Australia",-35.03,137.77,"Dry Port",Active,Low,45600981,6636963,8056328,0.92,20,88,49,52.33,Medium,"Electronics, Textiles",13,"Optimize supply chain through Port Giles to reduce delays.","The port of Port Giles is located in Port Giles, South Australia. It plays a significant role in the region's trade."
AU,Melbourne,MEL30,Melbourne,Victoria,-37.83,144.97,"Offshore Terminal",Active,Low,37107101,1714227,15593120,0.74,69,48,6,41,Medium,"Energy, Machinery",16,"Optimize supply chain through Melbourne to reduce delays.","The port of Melbourne is located in Melbourne, Victoria. It plays a significant role in the region's trade."
BS,Freeport,FRE71,Freeport,Bahamas,26.52,-78.78,"River Port",Active,Medium,20525621,6652136,8406235,0.7,60,60,96,72,Medium,"Electronics, Energy",2,"Optimize supply chain through Freeport to reduce delays.","The port of Freeport is located in Freeport, Bahamas. It plays a significant role in the region's trade."
BS,"Clifton Pier",CLI46,"Clifton Pier",Bahamas,25,-77.55,"River Port",Active,Medium,44957815,8684645,12284124,0.61,95,27,63,61.67,Medium,Textiles,6,"Optimize supply chain through Clifton Pier to reduce delays.","The port of Clifton Pier is located in Clifton Pier, Bahamas. It plays a significant role in the region's trade."
BS,"Matthew Town",MAT87,"Matthew Town",Bahamas,20.95,-73.68,"Offshore Terminal",Active,Low,13252711,3203115,15560107,0.74,42,92,55,63,Medium,Electronics,16,"Optimize supply chain through Matthew Town to reduce delays.","The port of Matthew Town is located in Matthew Town, Bahamas. It plays a significant role in the region's trade."
BS,"South Riding Point",SOU83,"South Riding Point","Grand Bahama",26.62,-78.22,Seaport,Active,Low,3669170,9600940,12024550,0.53,41,78,31,50,Medium,"Automotive, Agriculture",13,"Optimize supply chain through South Riding Point to reduce delays.","The port of South Riding Point is located in South Riding Point, Grand Bahama. It plays a significant role in the region's trade."
BS,Nassau,NAS63,Nassau,Bahamas,25.08,-77.35,"River Port",Active,Low,4041596,5928443,14894009,0.98,13,31,8,17.33,Low,Machinery,7,"Optimize supply chain through Nassau to reduce delays.","The port of Nassau is located in Nassau, Bahamas. It plays a significant role in the region's trade."
BH,"Khalifa Bin Salman",KHA48,Hidd,Bahrain,26.25,50.75,"Offshore Terminal",Active,Low,33476901,1238865,12301645,0.5,76,95,58,76.33,High,Electronics,12,"Optimize supply chain through Khalifa Bin Salman to reduce delays.","The port of Khalifa Bin Salman is located in Hidd, Bahrain. It plays a significant role in the region's trade."
BH,"Al Manamah",ALM77,"Mina Sulman","Capital Governorate",26.23,50.58,Seaport,Active,Low,23978460,8986370,4183061,0.98,91,18,47,52,Medium,Chemicals,8,"Optimize supply chain through Al Manamah to reduce delays.","The port of Al Manamah is located in Mina Sulman, Capital Governorate. It plays a significant role in the region's trade."
BH,Sitrah,SIT33,Alba,Bahrain,26.17,50.67,"Dry Port",Active,Medium,15638132,9957908,14213711,0.93,69,60,80,69.67,Medium,"Machinery, Automotive",6,"Optimize supply chain through Sitrah to reduce delays.","The port of Sitrah is located in Alba, Bahrain. It plays a significant role in the region's trade."
BH,"Mina Salman",MIN78,Manama,Bahrain,26.2,50.63,"Dry Port",Active,High,17940763,8169957,15685204,0.85,56,55,30,47,Medium,"Machinery, Agriculture",14,"Optimize supply chain through Mina Salman to reduce delays.","The port of Mina Salman is located in Manama, Bahrain. It plays a significant role in the region's trade."
BD,Chittagong,CHI42,Chattogram,Chattogram,22.32,91.82,"River Port",Active,Medium,14565922,8647862,10794985,1,94,66,46,68.67,Medium,Textiles,11,"Optimize supply chain through Chittagong to reduce delays.","The port of Chittagong is located in Chattogram, Chattogram. It plays a significant role in the region's trade."
BD,Mongla,MON20,Mongla,Bangladesh,22.47,89.6,"River Port",Active,Low,2923386,3125934,19157014,0.87,84,38,21,47.67,Medium,"Automotive, Machinery",10,"Optimize supply chain through Mongla to reduce delays.","The port of Mongla is located in Mongla, Bangladesh. It plays a significant role in the region's trade."
BB,Bridgetown,BRI31,Bridgetown,"Saint Michael",13.1,-59.63,"Offshore Terminal",Active,Medium,18222935,8981001,2393844,0.5,61,64,93,72.67,Medium,"Chemicals, Agriculture",10,"Optimize supply chain through Bridgetown to reduce delays.","The port of Bridgetown is located in Bridgetown, Saint Michael. It plays a significant role in the region's trade."
BE,Bruxelles,BRU29,Bruxelles,Belgium,50.87,4.35,"River Port",Active,Medium,44911832,8692078,5457110,0.73,23,49,68,46.67,Medium,Textiles,8,"Optimize supply chain through Bruxelles to reduce delays.","The port of Bruxelles is located in Bruxelles, Belgium. It plays a significant role in the region's trade."
BE,Oostende,OOS38,Ostend,"West Flanders",51.23,2.92,Seaport,Active,Low,2950422,6689933,10967632,0.54,44,18,56,39.33,Low,Energy,15,"Optimize supply chain through Oostende to reduce delays.","The port of Oostende is located in Ostend, West Flanders. It plays a significant role in the region's trade."
BE,Bruges,BRU73,Bruges,"West Flanders",51.23,3.22,"Offshore Terminal",Active,Low,3786508,7191412,11033769,0.71,65,84,99,82.67,High,"Machinery, Electronics, Energy",20,"Optimize supply chain through Bruges to reduce delays.","The port of Bruges is located in Bruges, West Flanders. It plays a significant role in the region's trade."
BE,Ghent,GHE40,Ghent,"East Flanders",51.07,3.73,"River Port",Active,High,47476043,2778096,7642973,0.63,4,53,33,30,Low,Machinery,10,"Optimize supply chain through Ghent to reduce delays.","The port of Ghent is located in Ghent, East Flanders. It plays a significant role in the region's trade."
BE,Zeebrugge,ZEE51,Zeebrugge,"West Flanders",51.33,3.2,"Offshore Terminal",Active,Medium,33686127,3932977,12617173,0.79,10,54,33,32.33,Low,"Machinery, Textiles",19,"Optimize supply chain through Zeebrugge to reduce delays.","The port of Zeebrugge is located in Zeebrugge, West Flanders. It plays a significant role in the region's trade."
BE,Nieuwpoort,NIE81,Nieuwpoort,Belgium,51.13,2.75,"Dry Port",Active,Medium,22691650,6367905,12988187,0.55,52,85,42,59.67,Medium,"Chemicals, Electronics",12,"Optimize supply chain through Nieuwpoort to reduce delays.","The port of Nieuwpoort is located in Nieuwpoort, Belgium. It plays a significant role in the region's trade."
BE,Antwerpen,ANT96,Antwerp,Flanders,51.22,4.4,"Dry Port",Active,Low,1092950,8263352,4575115,0.57,31,19,93,47.67,Medium,"Chemicals, Automotive",12,"Optimize supply chain through Antwerpen to reduce delays.","The port of Antwerpen is located in Antwerp, Flanders. It plays a significant role in the region's trade."
BZ,"Belize City",BEL30,"Belize City",Belize,17.5,-88.18,"Offshore Terminal",Active,Medium,48468690,2796937,3016805,0.62,39,21,78,46,Medium,"Electronics, Automotive",16,"Optimize supply chain through Belize City to reduce delays.","The port of Belize City is located in Belize City, Belize. It plays a significant role in the region's trade."
BJ,Cotonou,COT73,Cotonou,Littoral,6.35,2.43,Seaport,Active,Low,30334550,6793677,3542728,0.67,94,16,8,39.33,Low,Agriculture,7,"Optimize supply chain through Cotonou to reduce delays.","The port of Cotonou is located in Cotonou, Littoral. It plays a significant role in the region's trade."
BM,"Ireland Island",IRE28,"Ireland Island",Bermuda,32.32,-64.83,"Dry Port",Active,High,37075815,5941544,8996744,0.88,74,71,29,58,Medium,Machinery,3,"Optimize supply chain through Ireland Island to reduce delays.","The port of Ireland Island is located in Ireland Island, Bermuda. It plays a significant role in the region's trade."
BM,Hamilton,HAM52,Hamilton,Bermuda,32.3,-64.78,"River Port",Active,Low,37047185,4795880,2362040,0.52,43,8,82,44.33,Medium,"Energy, Electronics",15,"Optimize supply chain through Hamilton to reduce delays.","The port of Hamilton is located in Hamilton, Bermuda. It plays a significant role in the region's trade."
BM,"St George's",STG46,"St George's",Bermuda,32.38,-64.68,"River Port",Active,High,17615121,1044080,1958785,0.99,14,71,64,49.67,Medium,Agriculture,3,"Optimize supply chain through St George's to reduce delays.","The port of St George's is located in St George's, Bermuda. It plays a significant role in the region's trade."
BQ,Oranjestad,ORA71,Oranjestad,"Caribbean Netherlands",17.48,-62.98,"River Port",Active,Low,29249170,6998071,15573484,0.75,40,9,41,30,Low,"Agriculture, Electronics",5,"Optimize supply chain through Oranjestad to reduce delays.","The port of Oranjestad is located in Oranjestad, Caribbean Netherlands. It plays a significant role in the region's trade."
BQ,Kralendijk,KRA56,Kralendijk,Bonaire,12.15,-68.28,Seaport,Active,Low,49574579,1871550,18609416,0.87,49,68,68,61.67,Medium,"Automotive, Machinery",15,"Optimize supply chain through Kralendijk to reduce delays.","The port of Kralendijk is located in Kralendijk, Bonaire. It plays a significant role in the region's trade."
BQ,"Goto Oil Terminal",GOT62,"Goto Oil Terminal","Bonaire, Sint Eustatius and Saba",12.22,-68.38,"Dry Port",Active,High,41965139,4824369,10461265,0.89,98,18,28,48,Medium,Electronics,2,"Optimize supply chain through Goto Oil Terminal to reduce delays.","The port of Goto Oil Terminal is located in Goto Oil Terminal, Bonaire, Sint Eustatius and Saba. It plays a significant role in the region's trade."
BQ,Salina,SAL63,Bonaire,Bonaire,12.08,-68.28,Seaport,Active,High,11223417,2198397,2146176,0.83,34,18,90,47.33,Medium,"Machinery, Agriculture",20,"Optimize supply chain through Salina to reduce delays.","The port of Salina is located in Bonaire, Bonaire. It plays a significant role in the region's trade."
BA,Neum,NEU19,Neum,"Bosnia and Herzegovina",42.92,17.6,Seaport,Active,Medium,16793118,6652198,19093311,0.67,95,23,74,64,Medium,"Textiles, Electronics, Energy",11,"Optimize supply chain through Neum to reduce delays.","The port of Neum is located in Neum, Bosnia and Herzegovina. It plays a significant role in the region's trade."
BR,Macae,MAC48,Macae,Brazil,-22.37,-41.77,Seaport,Active,Low,12163515,3081444,4753271,0.69,35,86,93,71.33,Medium,Textiles,16,"Optimize supply chain through Macae to reduce delays.","The port of Macae is located in Macae, Brazil. It plays a significant role in the region's trade."
BR,"Angra Dos Reis",ANG20,"Angra dos Reis","Rio de Janeiro",-23.02,-44.32,"Dry Port",Active,High,10611562,8590640,14039397,0.81,74,8,67,49.67,Medium,"Textiles, Chemicals",11,"Optimize supply chain through Angra Dos Reis to reduce delays.","The port of Angra Dos Reis is located in Angra dos Reis, Rio de Janeiro. It plays a significant role in the region's trade."
BR,Aratu,ARA58,Aratu,Bahia,-12.78,-38.5,"Offshore Terminal",Active,High,48872336,9413902,11419480,0.67,58,37,88,61,Medium,Chemicals,10,"Optimize supply chain through Aratu to reduce delays.","The port of Aratu is located in Aratu, Bahia. It plays a significant role in the region's trade."
BR,Vitoria,VIT16,Vitória,"Espírito Santo",-20.32,-40.33,Seaport,Active,Low,35264800,5100387,7922237,0.61,20,19,65,34.67,Low,"Machinery, Electronics",4,"Optimize supply chain through Vitoria to reduce delays.","The port of Vitoria is located in Vitória, Espírito Santo. It plays a significant role in the region's trade."
BR,Cameta,CAM97,Cameta,Brazil,-2.25,-49.5,"Offshore Terminal",Active,Medium,26123090,4320607,13830709,0.9,89,59,90,79.33,High,"Agriculture, Machinery",17,"Optimize supply chain through Cameta to reduce delays.","The port of Cameta is located in Cameta, Brazil. It plays a significant role in the region's trade."
BR,Tramandai,TRA87,Tramandaí,"Rio Grande do Sul",-29.98,-50.13,"Dry Port",Active,Medium,44772649,3914416,16245515,0.61,75,73,64,70.67,Medium,"Machinery, Automotive",2,"Optimize supply chain through Tramandai to reduce delays.","The port of Tramandai is located in Tramandaí, Rio Grande do Sul. It plays a significant role in the region's trade."
BR,Portocel,POR51,Portocel,Brazil,-19.85,-40.05,"Offshore Terminal",Active,Medium,2052757,2840493,4980932,0.83,93,49,8,50,Medium,"Electronics, Textiles",4,"Optimize supply chain through Portocel to reduce delays.","The port of Portocel is located in Portocel, Brazil. It plays a significant role in the region's trade."
BR,"Madre De Deus",MAD44,"Madre de Deus",Bahia,-12.75,-38.62,"Dry Port",Active,Medium,17356812,4108953,6420909,0.74,59,92,87,79.33,High,Chemicals,16,"Optimize supply chain through Madre De Deus to reduce delays.","The port of Madre De Deus is located in Madre de Deus, Bahia. It plays a significant role in the region's trade."
BR,Santarem,SAN97,Santarém,Pará,-2.42,-54.72,"River Port",Active,Medium,39512757,6341590,17557674,0.9,83,75,37,65,Medium,Agriculture,5,"Optimize supply chain through Santarem to reduce delays.","The port of Santarem is located in Santarém, Pará. It plays a significant role in the region's trade."
BR,"Sao Sebastiao",SAO57,"São Sebastião","São Paulo",-23.8,-45.4,"River Port",Active,High,17710427,1040138,10959676,0.6,62,11,60,44.33,Medium,Electronics,4,"Optimize supply chain through Sao Sebastiao to reduce delays.","The port of Sao Sebastiao is located in São Sebastião, São Paulo. It plays a significant role in the region's trade."
BR,Natal,NAT46,Natal,"Rio Grande do Norte",-5.78,-35.2,"Offshore Terminal",Active,High,21445724,621675,14251998,0.63,55,78,61,64.67,Medium,Machinery,13,"Optimize supply chain through Natal to reduce delays.","The port of Natal is located in Natal, Rio Grande do Norte. It plays a significant role in the region's trade."
IO,"Diego Garcia",DIE95,"Diego Garcia","British Indian Ocean Territory",-7.35,72.47,"Offshore Terminal",Active,Medium,40110659,2123340,10760619,0.57,9,43,17,23,Low,"Energy, Electronics, Agriculture",20,"Optimize supply chain through Diego Garcia to reduce delays.","The port of Diego Garcia is located in Diego Garcia, British Indian Ocean Territory. It plays a significant role in the region's trade."
BN,"Bandar Seri Begawan",BAN80,"Bandar Seri Begawan","Brunei Darussalam",4.88,114.88,"River Port",Active,Low,39665382,7967146,7795620,0.56,19,30,78,42.33,Medium,Energy,16,"Optimize supply chain through Bandar Seri Begawan to reduce delays.","The port of Bandar Seri Begawan is located in Bandar Seri Begawan, Brunei Darussalam. It plays a significant role in the region's trade."
BN,Lumut,LUM79,Lumut,Brunei-Muara,4.72,114.45,"Dry Port",Active,High,41152382,7175576,9781302,0.8,40,68,92,66.67,Medium,Electronics,10,"Optimize supply chain through Lumut to reduce delays.","The port of Lumut is located in Lumut, Brunei-Muara. It plays a significant role in the region's trade."
BN,"Kuala Belait",KUA73,"Kuala Belait",Belait,4.63,114.2,"Dry Port",Active,High,40213536,6971497,6853765,0.74,89,2,13,34.67,Low,"Textiles, Energy",11,"Optimize supply chain through Kuala Belait to reduce delays.","The port of Kuala Belait is located in Kuala Belait, Belait. It plays a significant role in the region's trade."
BN,"Muara Harbor",MUA66,Muara,Brunei-Muara,5.03,115.07,"River Port",Active,High,11689416,3959662,9331836,0.78,84,73,76,77.67,High,"Energy, Machinery",18,"Optimize supply chain through Muara Harbor to reduce delays.","The port of Muara Harbor is located in Muara, Brunei-Muara. It plays a significant role in the region's trade."
BN,"Seria Oil Loading Terminal",SER18,"Seria Oil Loading Terminal","Brunei Darussalam",4.62,114.32,"River Port",Active,Low,19438759,6278073,19568300,0.8,56,7,85,49.33,Medium,Machinery,16,"Optimize supply chain through Seria Oil Loading Terminal to reduce delays.","The port of Seria Oil Loading Terminal is located in Seria Oil Loading Terminal, Brunei Darussalam. It plays a significant role in the region's trade."
BG,Burgas,BUR39,Burgas,"Burgas Province",42.48,27.48,"River Port",Active,High,22453896,2682278,19096802,0.5,36,87,42,55,Medium,"Automotive, Machinery, Energy",5,"Optimize supply chain through Burgas to reduce delays.","The port of Burgas is located in Burgas, Burgas Province. It plays a significant role in the region's trade."
BG,Varna,VAR82,Varna,"Varna Province",43.18,27.97,"River Port",Active,Medium,39403888,7804592,4612501,0.75,67,96,58,73.67,Medium,Energy,9,"Optimize supply chain through Varna to reduce delays.","The port of Varna is located in Varna, Varna Province. It plays a significant role in the region's trade."
CV,"Porto Grande",POR31,"Porto Grande","Cape Verde",16.88,-25,"Offshore Terminal",Active,High,14927890,7777120,16047265,0.54,65,44,53,54,Medium,"Energy, Chemicals",11,"Optimize supply chain through Porto Grande to reduce delays.","The port of Porto Grande is located in Porto Grande, Cape Verde. It plays a significant role in the region's trade."
CV,"Porto Da Praia",POR81,"Porto Da Praia","Cabo Verde",14.92,-23.52,Seaport,Active,Medium,6643209,9140060,12898268,0.76,76,4,74,51.33,Medium,Energy,7,"Optimize supply chain through Porto Da Praia to reduce delays.","The port of Porto Da Praia is located in Porto Da Praia, Cabo Verde. It plays a significant role in the region's trade."
KH,"Phsar Ream",PHS19,"Phsar Ream",Cambodia,10.5,103.6,"River Port",Active,High,35732715,3377155,9205356,0.99,57,10,3,23.33,Low,Textiles,4,"Optimize supply chain through Phsar Ream to reduce delays.","The port of Phsar Ream is located in Phsar Ream, Cambodia. It plays a significant role in the region's trade."
KH,"Kampong Saom",KAM83,Sihanoukville,"Sihanoukville Province",10.63,103.5,Seaport,Active,Low,3519512,8615164,16876318,0.61,76,57,52,61.67,Medium,"Electronics, Energy",10,"Optimize supply chain through Kampong Saom to reduce delays.","The port of Kampong Saom is located in Sihanoukville, Sihanoukville Province. It plays a significant role in the region's trade."
CM,"Kome Kribi 1 Marine Terminal",KOM81,Kribi,"South Region",2.92,9.8,"River Port",Active,High,22200856,9529501,8416399,0.68,19,36,43,32.67,Low,"Electronics, Machinery",7,"Optimize supply chain through Kome Kribi 1 Marine Terminal to reduce delays.","The port of Kome Kribi 1 Marine Terminal is located in Kribi, South Region. It plays a significant role in the region's trade."
CM,"Kole Oil Terminal",KOL96,Kole,Centre,4.25,8.55,"Offshore Terminal",Active,Medium,14525154,6178900,11206618,0.93,57,41,22,40,Low,"Textiles, Chemicals",12,"Optimize supply chain through Kole Oil Terminal to reduce delays.","The port of Kole Oil Terminal is located in Kole, Centre. It plays a significant role in the region's trade."
CM,"Limboh Terminal",LIM98,Limbe,Southwest,3.98,9.15,"Dry Port",Active,High,6060910,2227647,16101420,0.76,82,59,54,65,Medium,Textiles,19,"Optimize supply chain through Limboh Terminal to reduce delays.","The port of Limboh Terminal is located in Limbe, Southwest. It plays a significant role in the region's trade."
CM,Douala,DOU77,Douala,Littoral,4.05,9.68,"Dry Port",Active,Medium,49632667,133767,19559851,0.73,12,5,28,15,Low,Agriculture,8,"Optimize supply chain through Douala to reduce delays.","The port of Douala is located in Douala, Littoral. It plays a significant role in the region's trade."
CM,"Moudi Marine Terminal",MOU82,"Champ Moudi",Extreme-North,4.12,8.48,"Offshore Terminal",Active,Medium,1394608,8633167,12482821,0.75,10,58,3,23.67,Low,Energy,18,"Optimize supply chain through Moudi Marine Terminal to reduce delays.","The port of Moudi Marine Terminal is located in Champ Moudi, Extreme-North. It plays a significant role in the region's trade."
CM,"Ebome Marine Terminal",EBO34,Ebome,"South Region",2.8,9.82,"River Port",Active,High,47428588,8964412,3507762,0.58,96,4,97,65.67,Medium,Textiles,4,"Optimize supply chain through Ebome Marine Terminal to reduce delays.","The port of Ebome Marine Terminal is located in Ebome, South Region. It plays a significant role in the region's trade."
CA,"St Placide",STP65,"St Placide",Canada,45.53,-74.2,Seaport,Active,Low,43561578,740266,9514046,0.77,17,19,15,17,Low,"Textiles, Chemicals",19,"Optimize supply chain through St Placide to reduce delays.","The port of St Placide is located in St Placide, Canada. It plays a significant role in the region's trade."
CA,"Cape Young",CAP83,"Cape Young",Canada,68.93,-116.93,"River Port",Active,Medium,3921737,2283783,4378613,0.79,81,64,91,78.67,High,Chemicals,5,"Optimize supply chain through Cape Young to reduce delays.","The port of Cape Young is located in Cape Young, Canada. It plays a significant role in the region's trade."
CA,"Campbell River",CAM53,"Campbell River",Canada,50.02,-124.23,"Offshore Terminal",Active,High,9419256,5496315,9815135,0.63,65,73,77,71.67,Medium,"Energy, Machinery",2,"Optimize supply chain through Campbell River to reduce delays.","The port of Campbell River is located in Campbell River, Canada. It plays a significant role in the region's trade."
CA,"Port Mcneill",POR92,"Port Mcneill",Canada,50.58,-127.08,"Dry Port",Active,Low,13727690,6721350,9488367,0.51,51,37,99,62.33,Medium,Chemicals,3,"Optimize supply chain through Port Mcneill to reduce delays.","The port of Port Mcneill is located in Port Mcneill, Canada. It plays a significant role in the region's trade."
CA,Cardinal,CAR91,Cardinal,Canada,44.78,-75.38,"River Port",Active,High,40973191,2805080,5798236,0.93,23,92,29,48,Medium,"Agriculture, Automotive, Energy",2,"Optimize supply chain through Cardinal to reduce delays.","The port of Cardinal is located in Cardinal, Canada. It plays a significant role in the region's trade."
CA,"Gore Bay",GOR93,"Gore Bay",Canada,45.92,-82.47,"Dry Port",Active,High,13402468,2911499,5451451,0.93,67,16,91,58,Medium,"Machinery, Automotive, Textiles",12,"Optimize supply chain through Gore Bay to reduce delays.","The port of Gore Bay is located in Gore Bay, Canada. It plays a significant role in the region's trade."
CA,"Mission City",MIS82,"Mission City",Canada,49.12,-122.25,"River Port",Active,Low,34998759,4907135,19084290,0.84,39,88,78,68.33,Medium,"Machinery, Energy",16,"Optimize supply chain through Mission City to reduce delays.","The port of Mission City is located in Mission City, Canada. It plays a significant role in the region's trade."
CA,Nanaimo,NAN52,Nanaimo,"British Columbia",49.17,-123.93,Seaport,Active,Low,44095174,2565629,4456188,0.51,67,67,26,53.33,Medium,"Machinery, Agriculture",7,"Optimize supply chain through Nanaimo to reduce delays.","The port of Nanaimo is located in Nanaimo, British Columbia. It plays a significant role in the region's trade."
CA,"Comox Harbor",COM69,"Comox Harbor",Canada,49.67,-124.92,"Offshore Terminal",Active,Medium,21657514,2003746,14318028,0.94,14,23,24,20.33,Low,"Electronics, Machinery",20,"Optimize supply chain through Comox Harbor to reduce delays.","The port of Comox Harbor is located in Comox Harbor, Canada. It plays a significant role in the region's trade."
KY,"Cayman Brac",CAY14,"Cayman Brac","Cayman Islands",19.75,-79.75,Seaport,Active,High,37267735,5919660,18927084,0.74,34,56,28,39.33,Low,"Machinery, Textiles",19,"Optimize supply chain through Cayman Brac to reduce delays.","The port of Cayman Brac is located in Cayman Brac, Cayman Islands. It plays a significant role in the region's trade."
KY,Georgetown,GEO14,"George Town","Cayman Islands",19.3,-81.38,"River Port",Active,Low,48531387,8102541,15234102,0.85,26,92,30,49.33,Medium,"Agriculture, Electronics, Machinery",6,"Optimize supply chain through Georgetown to reduce delays.","The port of Georgetown is located in George Town, Cayman Islands. It plays a significant role in the region's trade."
CL,"Caleta Clarencia",CAL21,"Caleta Clarencia","Magallanes y la Antártica Chilena",-52.9,-70.1,"Offshore Terminal",Active,Low,21622968,3125570,4820310,0.87,75,21,99,65,Medium,"Chemicals, Energy",12,"Optimize supply chain through Caleta Clarencia to reduce delays.","The port of Caleta Clarencia is located in Caleta Clarencia, Magallanes y la Antártica Chilena. It plays a significant role in the region's trade."
CL,"Puerto Calderilla",PUE57,"Puerto Calderilla",Chile,-27.08,-70.87,Seaport,Active,Low,35920233,1816661,12740366,0.88,93,17,99,69.67,Medium,Automotive,10,"Optimize supply chain through Puerto Calderilla to reduce delays.","The port of Puerto Calderilla is located in Puerto Calderilla, Chile. It plays a significant role in the region's trade."
CL,"Puerto Castro",PUE37,"Puerto Castro",Chile,-42.48,-73.77,"Dry Port",Active,Low,2528997,5158232,6438559,0.56,82,87,77,82,High,"Chemicals, Automotive, Machinery",15,"Optimize supply chain through Puerto Castro to reduce delays.","The port of Puerto Castro is located in Puerto Castro, Chile. It plays a significant role in the region's trade."
CL,Tocopilla,TOC76,Tocopilla,Antofagasta,-22.08,-70.23,"Dry Port",Active,High,42636589,2874848,7530786,0.64,37,1,42,26.67,Low,Electronics,2,"Optimize supply chain through Tocopilla to reduce delays.","The port of Tocopilla is located in Tocopilla, Antofagasta. It plays a significant role in the region's trade."
CL,"Puerto Natales",PUE73,"Puerto Natales",Chile,-51.72,-72.57,"River Port",Active,High,23830399,2661933,11188926,0.79,12,9,39,20,Low,"Agriculture, Electronics",5,"Optimize supply chain through Puerto Natales to reduce delays.","The port of Puerto Natales is located in Puerto Natales, Chile. It plays a significant role in the region's trade."
CL,"Bahia Quintero (ventanas)",BAH21,"Puerto Ventanas",Valparaíso,-32.77,-71.53,"River Port",Active,Low,9589343,7106745,1313709,0.79,64,13,86,54.33,Medium,"Electronics, Chemicals",2,"Optimize supply chain through Bahia Quintero (ventanas) to reduce delays.","The port of Bahia Quintero (ventanas) is located in Puerto Ventanas, Valparaíso. It plays a significant role in the region's trade."
CL,"Caleta Patillos",CAL60,"Caleta Patillos",Chile,-20.73,-70.2,"River Port",Active,Low,4770283,6240837,12911247,0.54,55,30,66,50.33,Medium,"Automotive, Chemicals",8,"Optimize supply chain through Caleta Patillos to reduce delays.","The port of Caleta Patillos is located in Caleta Patillos, Chile. It plays a significant role in the region's trade."
CL,"Puerto Chacabuco",PUE98,"Puerto Chacabuco",Aysén,-45.47,-72.83,Seaport,Active,Medium,44535967,8662227,14162799,0.99,4,11,30,15,Low,"Agriculture, Automotive",14,"Optimize supply chain through Puerto Chacabuco to reduce delays.","The port of Puerto Chacabuco is located in Puerto Chacabuco, Aysén. It plays a significant role in the region's trade."
CL,"Bahia Agua Fresca",BAH66,"Bahia Agua Fresca",Chile,-53.38,-70.97,Seaport,Active,Low,16062048,3567833,17042316,0.96,50,8,14,24,Low,Agriculture,18,"Optimize supply chain through Bahia Agua Fresca to reduce delays.","The port of Bahia Agua Fresca is located in Bahia Agua Fresca, Chile. It plays a significant role in the region's trade."
CN,Hankow,HAN77,Wuhan,Hubei,30.58,114.28,"Dry Port",Active,Low,13598571,7485948,9848825,0.54,44,11,95,50,Medium,Agriculture,3,"Optimize supply chain through Hankow to reduce delays.","The port of Hankow is located in Wuhan, Hubei. It plays a significant role in the region's trade."
CN,Yingkou,YIN30,Yingkou,Liaoning,40.68,122.23,Seaport,Active,Low,40635717,3779616,8498115,0.65,40,82,56,59.33,Medium,"Energy, Textiles",15,"Optimize supply chain through Yingkou to reduce delays.","The port of Yingkou is located in Yingkou, Liaoning. It plays a significant role in the region's trade."
CN,Huangpu,HUA21,Machong,Guangdong,23.08,113.42,"Dry Port",Active,Medium,10260229,8467754,11282987,0.66,32,58,62,50.67,Medium,"Textiles, Electronics, Agriculture",12,"Optimize supply chain through Huangpu to reduce delays.","The port of Huangpu is located in Machong, Guangdong. It plays a significant role in the region's trade."
CN,Changshu,CHA14,Changshu,Jiangsu,31.77,120.95,"River Port",Active,Medium,26582527,4835656,15542201,0.87,60,91,44,65,Medium,"Machinery, Energy",19,"Optimize supply chain through Changshu to reduce delays.","The port of Changshu is located in Changshu, Jiangsu. It plays a significant role in the region's trade."
CN,Huizhou,HUI49,Huizhou,Guangdong,22.72,114.52,"Offshore Terminal",Active,High,28121234,4221309,10834765,1,39,25,31,31.67,Low,Machinery,14,"Optimize supply chain through Huizhou to reduce delays.","The port of Huizhou is located in Huizhou, Guangdong. It plays a significant role in the region's trade."
CN,Xiamen,XIA42,Xiamen,Fujian,24.45,118.07,"Dry Port",Active,High,45414579,868324,7106116,0.64,37,33,68,46,Medium,Textiles,12,"Optimize supply chain through Xiamen to reduce delays.","The port of Xiamen is located in Xiamen, Fujian. It plays a significant role in the region's trade."
CN,"Shan T Ou",SHA23,Shantou,Guangdong,23.37,116.68,Seaport,Active,High,44264614,6804963,4172922,0.61,81,60,70,70.33,Medium,"Agriculture, Machinery, Energy",16,"Optimize supply chain through Shan T Ou to reduce delays.","The port of Shan T Ou is located in Shantou, Guangdong. It plays a significant role in the region's trade."
CN,Weihai,WEI49,Weihai,Shandong,37.5,122.1,Seaport,Active,Low,16054293,1448463,6272056,0.89,10,92,47,49.67,Medium,"Textiles, Chemicals",8,"Optimize supply chain through Weihai to reduce delays.","The port of Weihai is located in Weihai, Shandong. It plays a significant role in the region's trade."
CN,Ankingcheng,ANK48,Ankingcheng,China,30.52,117.03,"River Port",Active,High,25736637,1596259,18816452,0.5,45,84,76,68.33,Medium,Textiles,20,"Optimize supply chain through Ankingcheng to reduce delays.","The port of Ankingcheng is located in Ankingcheng, China. It plays a significant role in the region's trade."
CX,"Flying Fish Cove",FLY87,"Flying Fish Cove","Christmas Island",-10.42,105.7,"River Port",Active,Low,2745763,6673200,14430506,0.91,86,72,87,81.67,High,Electronics,4,"Optimize supply chain through Flying Fish Cove to reduce delays.","The port of Flying Fish Cove is located in Flying Fish Cove, Christmas Island. It plays a significant role in the region's trade."
CO,Buenaventura,BUE29,Buenaventura,"Valle del Cauca",3.88,-77.07,"Dry Port",Active,Low,44249806,7220713,8912152,0.78,68,32,47,49,Medium,"Machinery, Electronics",7,"Optimize supply chain through Buenaventura to reduce delays.","The port of Buenaventura is located in Buenaventura, Valle del Cauca. It plays a significant role in the region's trade."
CO,Turbo,TUR99,Turbo,Antioquia,8.08,-76.73,Seaport,Active,Low,18437723,9295184,5900971,0.76,76,5,71,50.67,Medium,Textiles,11,"Optimize supply chain through Turbo to reduce delays.","The port of Turbo is located in Turbo, Antioquia. It plays a significant role in the region's trade."
CO,"El Bosque",ELB93,Bogotá,Cundinamarca,10.4,-75.53,"Dry Port",Active,High,20587231,9342205,19162441,0.62,41,16,23,26.67,Low,Machinery,6,"Optimize supply chain through El Bosque to reduce delays.","The port of El Bosque is located in Bogotá, Cundinamarca. It plays a significant role in the region's trade."
CO,"Puerto Bolivar",PUE80,"Puerto Bolívar","La Guajira",12.25,-71.97,"River Port",Active,Medium,8035515,6233189,1965252,0.7,21,32,40,31,Low,Textiles,7,"Optimize supply chain through Puerto Bolivar to reduce delays.","The port of Puerto Bolivar is located in Puerto Bolívar, La Guajira. It plays a significant role in the region's trade."
CO,"Puerto Prodeco",PUE49,Ciénaga,Magdalena,11.15,-74.22,"River Port",Active,High,15119511,356800,18191880,0.5,71,28,15,38,Low,Automotive,10,"Optimize supply chain through Puerto Prodeco to reduce delays.","The port of Puerto Prodeco is located in Ciénaga, Magdalena. It plays a significant role in the region's trade."
CO,Covenas,COV30,Coveñas,Sucre,9.42,-75.68,Seaport,Active,Medium,46193438,7560496,9024821,0.97,3,72,87,54,Medium,Chemicals,15,"Optimize supply chain through Covenas to reduce delays.","The port of Covenas is located in Coveñas, Sucre. It plays a significant role in the region's trade."
CO,Cartagena,CAR12,Cartagena,Bolívar,10.42,-75.53,"River Port",Active,High,28425681,4501017,7912912,0.73,40,44,6,30,Low,"Energy, Chemicals",2,"Optimize supply chain through Cartagena to reduce delays.","The port of Cartagena is located in Cartagena, Bolívar. It plays a significant role in the region's trade."
CO,"Pozos Colorados",POZ78,"La Loma",Cesar,11.15,-74.25,"Offshore Terminal",Active,Low,46917559,1047047,2743334,0.75,63,86,60,69.67,Medium,Energy,2,"Optimize supply chain through Pozos Colorados to reduce delays.","The port of Pozos Colorados is located in La Loma, Cesar. It plays a significant role in the region's trade."
CO,"Covenas Offshore Term.",COV96,"Covenas Offshore Term.",Colombia,9.5,-75.73,Seaport,Active,Medium,20163672,3244439,14224304,0.64,38,62,70,56.67,Medium,Electronics,6,"Optimize supply chain through Covenas Offshore Term. to reduce delays.","The port of Covenas Offshore Term. is located in Covenas Offshore Term., Colombia. It plays a significant role in the region's trade."
CO,Barranquilla,BAR95,Barranquilla,Atlántico,10.97,-74.77,"Dry Port",Active,High,16449327,4718312,7406146,0.68,85,92,79,85.33,High,Agriculture,6,"Optimize supply chain through Barranquilla to reduce delays.","The port of Barranquilla is located in Barranquilla, Atlántico. It plays a significant role in the region's trade."
CO,"Santa Marta",SAN46,"Santa Marta",Magdalena,11.25,-74.22,"River Port",Active,High,8995233,5456848,6091070,0.75,86,36,79,67,Medium,Machinery,5,"Optimize supply chain through Santa Marta to reduce delays.","The port of Santa Marta is located in Santa Marta, Magdalena. It plays a significant role in the region's trade."
KM,Moroni,MOR15,Moroni,Comoros,-11.7,43.25,"Dry Port",Active,Medium,27081008,4178590,17659447,0.5,22,13,43,26,Low,Energy,19,"Optimize supply chain through Moroni to reduce delays.","The port of Moroni is located in Moroni, Comoros. It plays a significant role in the region's trade."
KM,Moutsamoudu,MOU31,Moutsamoudu,Comoros,-12.15,44.4,"Offshore Terminal",Active,Medium,45459151,1734035,17645989,1,91,20,61,57.33,Medium,Automotive,4,"Optimize supply chain through Moutsamoudu to reduce delays.","The port of Moutsamoudu is located in Moutsamoudu, Comoros. It plays a significant role in the region's trade."
KM,Dzaoudzi,DZA64,Mamoudzou,Mayotte,-12.78,45.25,Seaport,Active,High,20195118,8225110,888741,0.69,76,56,10,47.33,Medium,Automotive,6,"Optimize supply chain through Dzaoudzi to reduce delays.","The port of Dzaoudzi is located in Mamoudzou, Mayotte. It plays a significant role in the region's trade."
KM,Fomboni,FOM49,Fomboni,Comoros,-12.27,43.75,"Offshore Terminal",Active,High,15440027,6077060,10070210,0.81,89,7,67,54.33,Medium,"Chemicals, Machinery, Agriculture",18,"Optimize supply chain through Fomboni to reduce delays.","The port of Fomboni is located in Fomboni, Comoros. It plays a significant role in the region's trade."
CG,Matadi,MAT74,Matadi,"Kongo Central",-5.82,13.45,"Offshore Terminal",Active,Medium,40951872,1185025,10714670,0.91,77,65,20,54,Medium,"Chemicals, Automotive",13,"Optimize supply chain through Matadi to reduce delays.","The port of Matadi is located in Matadi, Kongo Central. It plays a significant role in the region's trade."
CG,"Psvm Terminal",PSV64,"Psvm Terminal",Congo,0,0,"Offshore Terminal",Active,Medium,42048221,8795336,9357225,0.91,16,77,52,48.33,Medium,"Automotive, Machinery",2,"Optimize supply chain through Psvm Terminal to reduce delays.","The port of Psvm Terminal is located in Psvm Terminal, Congo. It plays a significant role in the region's trade."
CG,Boma,BOM20,Boma,"Kongo Central",-5.85,13.05,Seaport,Active,Medium,4220209,1955259,16393122,0.87,65,7,100,57.33,Medium,"Machinery, Electronics",11,"Optimize supply chain through Boma to reduce delays.","The port of Boma is located in Boma, Kongo Central. It plays a significant role in the region's trade."
CG,Banana,BAN99,Banana,"Kongo Central",-5.98,12.38,"Dry Port",Active,Medium,19121599,9796732,10494307,0.85,57,89,9,51.67,Medium,"Machinery, Textiles, Agriculture",14,"Optimize supply chain through Banana to reduce delays.","The port of Banana is located in Banana, Kongo Central. It plays a significant role in the region's trade."
CK,Avatiu,AVA71,Avatiu,Rarotonga,-21.2,-159.78,"River Port",Active,Medium,12629509,7487616,17062333,0.62,75,57,86,72.67,Medium,"Electronics, Automotive, Machinery",16,"Optimize supply chain through Avatiu to reduce delays.","The port of Avatiu is located in Avatiu, Rarotonga. It plays a significant role in the region's trade."
CR,"Puerto Caldera",PUE41,Caldera,Puntarenas,9.92,-84.72,Seaport,Active,High,49316301,6868487,15789904,0.71,66,69,50,61.67,Medium,"Chemicals, Agriculture, Electronics",17,"Optimize supply chain through Puerto Caldera to reduce delays.","The port of Puerto Caldera is located in Caldera, Puntarenas. It plays a significant role in the region's trade."
CR,Puntarenas,PUN15,Puntarenas,Puntarenas,9.98,-84.83,"River Port",Active,Medium,20822869,3206373,2143296,0.85,94,47,48,63,Medium,Electronics,14,"Optimize supply chain through Puntarenas to reduce delays.","The port of Puntarenas is located in Puntarenas, Puntarenas. It plays a significant role in the region's trade."
CR,"Puerto Quepos",PUE67,"Puerto Quepos","Costa Rica",9.43,-84.17,"Dry Port",Active,Low,33751979,5335428,11707706,0.68,44,56,78,59.33,Medium,"Automotive, Machinery, Textiles",12,"Optimize supply chain through Puerto Quepos to reduce delays.","The port of Puerto Quepos is located in Puerto Quepos, Costa Rica. It plays a significant role in the region's trade."
CR,"Puerto Limon",PUE11,"Puerto Limón",Limón,9.98,-83.02,"River Port",Active,Low,22096295,2142109,18304192,0.98,88,21,89,66,Medium,"Chemicals, Textiles",5,"Optimize supply chain through Puerto Limon to reduce delays.","The port of Puerto Limon is located in Puerto Limón, Limón. It plays a significant role in the region's trade."
CR,Golfito,GOL71,Golfito,"Costa Rica",8.63,-83.17,"River Port",Active,High,18193539,8784095,8321248,0.94,100,78,62,80,High,"Automotive, Textiles",6,"Optimize supply chain through Golfito to reduce delays.","The port of Golfito is located in Golfito, Costa Rica. It plays a significant role in the region's trade."
CR,"Puerto Moin",PUE24,Limón,Limón,10,-83.08,Seaport,Active,High,19742112,6726615,2677144,0.62,93,20,80,64.33,Medium,Automotive,11,"Optimize supply chain through Puerto Moin to reduce delays.","The port of Puerto Moin is located in Limón, Limón. It plays a significant role in the region's trade."
CI,"Espoir Marine Terminal",ESP29,"Espoir Marine Terminal","Côte d'Ivoire",5.05,-4.45,"Dry Port",Active,High,34611872,3357167,7807352,0.68,91,53,44,62.67,Medium,"Electronics, Energy",9,"Optimize supply chain through Espoir Marine Terminal to reduce delays.","The port of Espoir Marine Terminal is located in Espoir Marine Terminal, Côte d'Ivoire. It plays a significant role in the region's trade."
CI,"San Pedro",SAN30,"San Pedro",Bas-Sassandra,4.73,-6.62,"River Port",Active,Low,43983605,7109377,14548461,1,46,9,48,34.33,Low,Agriculture,8,"Optimize supply chain through San Pedro to reduce delays.","The port of San Pedro is located in San Pedro, Bas-Sassandra. It plays a significant role in the region's trade."
CI,Abidjan,ABI40,Abidjan,Abidjan,5.25,-4.02,Seaport,Active,Medium,47808855,4393097,18225056,0.52,34,7,97,46,Medium,"Agriculture, Textiles",11,"Optimize supply chain through Abidjan to reduce delays.","The port of Abidjan is located in Abidjan, Abidjan. It plays a significant role in the region's trade."
CI,"Port Bouet",POR63,"Port Bouet",Abidjan,5.23,-3.97,Seaport,Active,High,28267163,3802429,8914670,0.51,10,54,2,22,Low,"Textiles, Automotive, Machinery",14,"Optimize supply chain through Port Bouet to reduce delays.","The port of Port Bouet is located in Port Bouet, Abidjan. It plays a significant role in the region's trade."
CI,"Baobab Marine Terminal",BAO61,"San Pedro","Côte d'Ivoire",4.97,-4.55,"River Port",Active,High,44509778,1971007,3137931,0.94,65,57,85,69,Medium,Energy,13,"Optimize supply chain through Baobab Marine Terminal to reduce delays.","The port of Baobab Marine Terminal is located in San Pedro, Côte d'Ivoire. It plays a significant role in the region's trade."
HR,Brsica,BRS99,Brsica,Croatia,45.03,14.05,"Dry Port",Active,High,3883792,6207124,14378293,0.82,2,14,69,28.33,Low,"Electronics, Chemicals, Energy",8,"Optimize supply chain through Brsica to reduce delays.","The port of Brsica is located in Brsica, Croatia. It plays a significant role in the region's trade."
HR,Zadar,ZAD62,Zadar,"Zadarska županija",44.12,15.22,Seaport,Active,Medium,12042977,1170695,14588501,0.53,92,38,59,63,Medium,"Machinery, Electronics, Automotive",15,"Optimize supply chain through Zadar to reduce delays.","The port of Zadar is located in Zadar, Zadarska županija. It plays a significant role in the region's trade."
HR,Omisalj,OMI51,Omisalj,"Primorje-Gorski Kotar",45.22,14.55,Seaport,Active,Low,2531304,3176194,3121906,0.72,83,62,74,73,Medium,"Electronics, Textiles, Automotive",16,"Optimize supply chain through Omisalj to reduce delays.","The port of Omisalj is located in Omisalj, Primorje-Gorski Kotar. It plays a significant role in the region's trade."
HR,Split,SPL18,Split,Split-Dalmatia,43.5,16.43,"Dry Port",Active,Low,41964329,5703505,3370361,0.6,21,28,31,26.67,Low,Chemicals,6,"Optimize supply chain through Split to reduce delays.","The port of Split is located in Split, Split-Dalmatia. It plays a significant role in the region's trade."
HR,Korcula,KOR15,Korcula,Croatia,42.93,17.13,"River Port",Active,High,47410418,5919288,16538128,0.94,2,54,5,20.33,Low,"Electronics, Automotive",2,"Optimize supply chain through Korcula to reduce delays.","The port of Korcula is located in Korcula, Croatia. It plays a significant role in the region's trade."
HR,Pula,PUL39,Pula,Istria,44.88,13.8,"River Port",Active,Low,42066204,3290642,3349261,0.84,39,39,86,54.67,Medium,"Textiles, Chemicals",14,"Optimize supply chain through Pula to reduce delays.","The port of Pula is located in Pula, Istria. It plays a significant role in the region's trade."
CU,"Puerto Guantanamo",PUE98,Guantanamo,Guantanamo,19.98,-75.13,Seaport,Active,High,33418300,4752006,11023048,0.66,81,90,8,59.67,Medium,"Textiles, Automotive, Electronics",9,"Optimize supply chain through Puerto Guantanamo to reduce delays.","The port of Puerto Guantanamo is located in Guantanamo, Guantanamo. It plays a significant role in the region's trade."
CU,Cabanas,CAB86,Cabanas,Cuba,23,-82.97,"Offshore Terminal",Active,High,4758262,8710995,17934093,0.86,23,12,75,36.67,Low,"Chemicals, Automotive",2,"Optimize supply chain through Cabanas to reduce delays.","The port of Cabanas is located in Cabanas, Cuba. It plays a significant role in the region's trade."
CU,"Bahai De La Habana",BAH23,Havana,"La Habana",23.13,-82.37,"Dry Port",Active,Medium,42157796,6732086,10920566,0.64,19,29,15,21,Low,"Automotive, Agriculture, Machinery",16,"Optimize supply chain through Bahai De La Habana to reduce delays.","The port of Bahai De La Habana is located in Havana, La Habana. It plays a significant role in the region's trade."
CU,"Santiago De Cuba",SAN45,"Santiago de Cuba","Santiago de Cuba",20.02,-75.83,"Offshore Terminal",Active,Medium,38114418,7164656,13502846,0.97,24,54,72,50,Medium,"Agriculture, Textiles",3,"Optimize supply chain through Santiago De Cuba to reduce delays.","The port of Santiago De Cuba is located in Santiago de Cuba, Santiago de Cuba. It plays a significant role in the region's trade."
CU,Guayabal,GUA62,Guayabal,Cuba,20.7,-77.62,Seaport,Active,Medium,26403995,864030,2723072,0.58,95,100,34,76.33,High,"Electronics, Energy",3,"Optimize supply chain through Guayabal to reduce delays.","The port of Guayabal is located in Guayabal, Cuba. It plays a significant role in the region's trade."
CU,Nicaro,NIC89,Nicaro,Cuba,20.72,-75.55,"Offshore Terminal",Active,Low,23261841,6867228,9130326,0.6,40,99,96,78.33,High,Textiles,13,"Optimize supply chain through Nicaro to reduce delays.","The port of Nicaro is located in Nicaro, Cuba. It plays a significant role in the region's trade."
CU,Cardenas,CAR54,Cardenas,Cuba,23.05,-81.2,"Offshore Terminal",Active,Medium,49391125,2557255,6059398,0.65,99,26,78,67.67,Medium,Automotive,16,"Optimize supply chain through Cardenas to reduce delays.","The port of Cardenas is located in Cardenas, Cuba. It plays a significant role in the region's trade."
CU,Cienfuegos,CIE28,Cienfuegos,Cienfuegos,22.15,-80.45,Seaport,Active,Low,38618885,6788512,3851931,0.56,77,62,17,52,Medium,Electronics,6,"Optimize supply chain through Cienfuegos to reduce delays.","The port of Cienfuegos is located in Cienfuegos, Cienfuegos. It plays a significant role in the region's trade."
CU,Mariel,MAR79,Mariel,Artemisa,22.98,-82.75,"Offshore Terminal",Active,High,9216666,8352955,835859,0.95,91,14,33,46,Medium,Machinery,14,"Optimize supply chain through Mariel to reduce delays.","The port of Mariel is located in Mariel, Artemisa. It plays a significant role in the region's trade."
CU,Manati,MAN14,Manati,Cuba,21.37,-76.82,"River Port",Active,High,22218411,8265554,8993127,0.59,11,41,4,18.67,Low,"Electronics, Automotive",19,"Optimize supply chain through Manati to reduce delays.","The port of Manati is located in Manati, Cuba. It plays a significant role in the region's trade."
CW,"Bullen Baai",BUL79,"Bullen Bay",Curaçao,12.18,-69.03,"Offshore Terminal",Active,Medium,30928917,9350441,18143486,0.93,28,48,42,39.33,Low,"Chemicals, Automotive, Textiles",12,"Optimize supply chain through Bullen Baai to reduce delays.","The port of Bullen Baai is located in Bullen Bay, Curaçao. It plays a significant role in the region's trade."
CW,Caracasbaai,CAR66,Schottegat,Curaçao,12.07,-68.87,"Offshore Terminal",Active,Low,25771606,7810979,3897557,0.51,7,10,16,11,Low,"Agriculture, Chemicals",12,"Optimize supply chain through Caracasbaai to reduce delays.","The port of Caracasbaai is located in Schottegat, Curaçao. It plays a significant role in the region's trade."
CW,Willemstad,WIL26,Willemstad,Curaçao,12.12,-68.93,"Dry Port",Active,High,43383115,477302,4428836,0.59,54,81,46,60.33,Medium,"Energy, Agriculture",18,"Optimize supply chain through Willemstad to reduce delays.","The port of Willemstad is located in Willemstad, Curaçao. It plays a significant role in the region's trade."
CW,"Sint Michelsbaai",SIN50,Emmastad,Curaçao,12.13,-69.02,"Offshore Terminal",Active,High,36533462,2419456,7154636,0.62,96,53,91,80,High,"Energy, Machinery, Textiles",13,"Optimize supply chain through Sint Michelsbaai to reduce delays.","The port of Sint Michelsbaai is located in Emmastad, Curaçao. It plays a significant role in the region's trade."
CY,Larnaca,LAR33,Larnaca,"Larnaca District",34.92,33.65,"Dry Port",Active,Medium,10802329,6485511,19713474,0.75,91,30,18,46.33,Medium,"Machinery, Agriculture",3,"Optimize supply chain through Larnaca to reduce delays.","The port of Larnaca is located in Larnaca, Larnaca District. It plays a significant role in the region's trade."
CY,Famagusta,FAM81,Famagusta,"Famagusta District",35.12,33.93,"River Port",Active,High,37870057,4399746,9289934,0.76,82,63,41,62,Medium,"Textiles, Chemicals",4,"Optimize supply chain through Famagusta to reduce delays.","The port of Famagusta is located in Famagusta, Famagusta District. It plays a significant role in the region's trade."
CY,Limassol,LIM71,Limassol,"Limassol District",34.67,33.05,"Offshore Terminal",Active,Medium,31714812,9696720,14443605,0.95,52,64,57,57.67,Medium,Machinery,2,"Optimize supply chain through Limassol to reduce delays.","The port of Limassol is located in Limassol, Limassol District. It plays a significant role in the region's trade."
CY,Xeros,XER51,Xeros,Limassol,35.13,32.83,Seaport,Active,Medium,39239193,5187543,17780397,0.59,18,18,81,39,Low,Electronics,17,"Optimize supply chain through Xeros to reduce delays.","The port of Xeros is located in Xeros, Limassol. It plays a significant role in the region's trade."
CY,Dhekelia,DHE23,Dhekelia,"Dhekelia SBA",34.97,33.72,"River Port",Active,Medium,35100662,3706959,14334334,0.75,65,96,93,84.67,High,"Textiles, Energy",9,"Optimize supply chain through Dhekelia to reduce delays.","The port of Dhekelia is located in Dhekelia, Dhekelia SBA. It plays a significant role in the region's trade."
CY,Kyrenia,KYR11,Kyrenia,Cyprus,35.35,33.33,"Dry Port",Active,High,13667485,841568,6845181,0.57,87,65,2,51.33,Medium,"Machinery, Agriculture",9,"Optimize supply chain through Kyrenia to reduce delays.","The port of Kyrenia is located in Kyrenia, Cyprus. It plays a significant role in the region's trade."
DK,Lemvig,LEM73,Lemvig,Denmark,56.58,8.28,"Dry Port",Active,Medium,24526864,8736096,18976733,0.65,97,14,73,61.33,Medium,"Textiles, Chemicals",19,"Optimize supply chain through Lemvig to reduce delays.","The port of Lemvig is located in Lemvig, Denmark. It plays a significant role in the region's trade."
DK,Thyboron,THY30,Thyboron,"Central Jutland",56.7,8.22,"Dry Port",Active,Medium,13319208,6282390,3169376,0.97,85,30,12,42.33,Medium,"Chemicals, Energy, Agriculture",12,"Optimize supply chain through Thyboron to reduce delays.","The port of Thyboron is located in Thyboron, Central Jutland. It plays a significant role in the region's trade."
DK,Ensted,ENS65,Aabenraa,"Region of Southern Denmark",55.02,9.43,Seaport,Active,High,35892567,5148627,5499878,0.84,87,57,98,80.67,High,"Chemicals, Agriculture",8,"Optimize supply chain through Ensted to reduce delays.","The port of Ensted is located in Aabenraa, Region of Southern Denmark. It plays a significant role in the region's trade."
DK,Assens,ASS78,Assens,"Region of Southern Denmark",55.27,9.88,Seaport,Active,High,46455153,8167825,5954761,0.57,93,11,96,66.67,Medium,"Automotive, Machinery",9,"Optimize supply chain through Assens to reduce delays.","The port of Assens is located in Assens, Region of Southern Denmark. It plays a significant role in the region's trade."
DK,Haderslev,HAD87,Haderslev,Denmark,55.25,9.5,"Offshore Terminal",Active,High,6102572,4936973,16501268,0.53,85,59,15,53,Medium,"Chemicals, Textiles",16,"Optimize supply chain through Haderslev to reduce delays.","The port of Haderslev is located in Haderslev, Denmark. It plays a significant role in the region's trade."
DK,Kobenhavn,KOB13,Copenhagen,Denmark,55.7,12.62,"Dry Port",Active,Low,18255532,4486811,10942475,0.89,15,5,91,37,Low,Machinery,15,"Optimize supply chain through Kobenhavn to reduce delays.","The port of Kobenhavn is located in Copenhagen, Denmark. It plays a significant role in the region's trade."
DK,Augustenborg,AUG82,Augustenborg,Denmark,54.95,9.87,Seaport,Active,Medium,5821574,3133608,11512720,0.61,43,37,67,49,Medium,"Energy, Machinery",3,"Optimize supply chain through Augustenborg to reduce delays.","The port of Augustenborg is located in Augustenborg, Denmark. It plays a significant role in the region's trade."
DK,Randers,RAN43,Randers,"Central Denmark Region",56.47,10.05,"Offshore Terminal",Active,Medium,44789011,8406407,6634858,0.72,44,19,2,21.67,Low,Agriculture,9,"Optimize supply chain through Randers to reduce delays.","The port of Randers is located in Randers, Central Denmark Region. It plays a significant role in the region's trade."
DK,Nysted,NYS39,Nysted,Denmark,54.67,11.73,"River Port",Active,Low,27766876,8306976,17367035,0.89,72,100,90,87.33,High,Textiles,18,"Optimize supply chain through Nysted to reduce delays.","The port of Nysted is located in Nysted, Denmark. It plays a significant role in the region's trade."
DK,Sakskobing,SAK76,Sakskobing,Denmark,54.8,11.63,"River Port",Active,Medium,31779687,6965320,1681888,0.82,61,84,74,73,Medium,"Agriculture, Machinery",20,"Optimize supply chain through Sakskobing to reduce delays.","The port of Sakskobing is located in Sakskobing, Denmark. It plays a significant role in the region's trade."
DK,Skaerbaek,SKA53,Skaerbaek,"South Denmark",55.52,9.62,"River Port",Active,Low,7122151,7704344,4731241,0.8,64,43,61,56,Medium,"Machinery, Energy",7,"Optimize supply chain through Skaerbaek to reduce delays.","The port of Skaerbaek is located in Skaerbaek, South Denmark. It plays a significant role in the region's trade."
DJ,Doraleh,DOR15,Doraleh,Djibouti,11.6,43.08,"River Port",Active,Medium,40983863,6862915,19829865,0.97,64,44,28,45.33,Medium,"Automotive, Agriculture",19,"Optimize supply chain through Doraleh to reduce delays.","The port of Doraleh is located in Doraleh, Djibouti. It plays a significant role in the region's trade."
DJ,Djibouti,DJI59,Djibouti,Djibouti,11.6,43.13,"Offshore Terminal",Active,Medium,2986342,520744,8711840,0.79,99,87,58,81.33,High,Agriculture,3,"Optimize supply chain through Djibouti to reduce delays.","The port of Djibouti is located in Djibouti, Djibouti. It plays a significant role in the region's trade."
DM,Roseau,ROS92,Roseau,Dominica,15.3,-61.4,Seaport,Active,Medium,33237577,515548,6121204,0.78,74,54,62,63.33,Medium,Energy,2,"Optimize supply chain through Roseau to reduce delays.","The port of Roseau is located in Roseau, Dominica. It plays a significant role in the region's trade."
DM,Portsmouth,POR15,Portsmouth,"Saint John",15.57,-61.47,"River Port",Active,Medium,39202145,3190599,5670683,0.56,78,21,26,41.67,Medium,Energy,11,"Optimize supply chain through Portsmouth to reduce delays.","The port of Portsmouth is located in Portsmouth, Saint John. It plays a significant role in the region's trade."
DO,"Pepillo Salcedo",PEP74,"Pepillo Salcedo","Dominican Republic",19.7,-71.75,"Offshore Terminal",Active,High,37201998,2477421,19049212,0.81,93,62,55,70,Medium,"Energy, Chemicals",7,"Optimize supply chain through Pepillo Salcedo to reduce delays.","The port of Pepillo Salcedo is located in Pepillo Salcedo, Dominican Republic. It plays a significant role in the region's trade."
DO,"Santa Barbara De Samana",SAN44,"Santa Barbara De Samana","Dominican Republic",19.2,-69.33,"Dry Port",Active,Medium,43006570,5555918,3656429,0.99,88,7,96,63.67,Medium,"Textiles, Energy, Agriculture",19,"Optimize supply chain through Santa Barbara De Samana to reduce delays.","The port of Santa Barbara De Samana is located in Santa Barbara De Samana, Dominican Republic. It plays a significant role in the region's trade."
DO,"Las Calderas",LAS86,"Las Calderas","Dominican Republic",18.22,-70.52,"Dry Port",Active,High,42171542,3041682,13604733,0.67,16,29,65,36.67,Low,"Agriculture, Machinery",7,"Optimize supply chain through Las Calderas to reduce delays.","The port of Las Calderas is located in Las Calderas, Dominican Republic. It plays a significant role in the region's trade."
DO,"Puerto De Haina",PUE71,"Rio Haina","San Cristóbal",18.42,-70.02,"Dry Port",Active,Medium,26804094,598058,18349674,0.97,50,90,70,70,Medium,"Energy, Agriculture",7,"Optimize supply chain through Puerto De Haina to reduce delays.","The port of Puerto De Haina is located in Rio Haina, San Cristóbal. It plays a significant role in the region's trade."
DO,"San Pedro De Macoris",SAN73,"San Pedro de Macoris","San Pedro de Macoris",18.45,-69.32,"Offshore Terminal",Active,Low,27444653,7965340,15976209,0.96,32,45,14,30.33,Low,Electronics,19,"Optimize supply chain through San Pedro De Macoris to reduce delays.","The port of San Pedro De Macoris is located in San Pedro de Macoris, San Pedro de Macoris. It plays a significant role in the region's trade."
DO,"Cabo Rojo",CAB17,"Cabo Rojo","Dominican Republic",17.92,-71.65,"Offshore Terminal",Active,Low,35335274,6795042,2240143,0.63,41,18,76,45,Medium,Electronics,20,"Optimize supply chain through Cabo Rojo to reduce delays.","The port of Cabo Rojo is located in Cabo Rojo, Dominican Republic. It plays a significant role in the region's trade."
DO,"Andres (andres Lng Terminal)",AND87,"Boca Chica","Santo Domingo",18.43,-69.63,Seaport,Active,Medium,25305810,5489182,14125953,0.86,89,26,69,61.33,Medium,Automotive,10,"Optimize supply chain through Andres (andres Lng Terminal) to reduce delays.","The port of Andres (andres Lng Terminal) is located in Boca Chica, Santo Domingo. It plays a significant role in the region's trade."
DO,"Puerto Plata",PUE25,"Puerto Plata","Puerto Plata Province",19.8,-70.7,"Dry Port",Active,Low,30574911,1029569,14852292,0.61,13,82,74,56.33,Medium,"Machinery, Energy",4,"Optimize supply chain through Puerto Plata to reduce delays.","The port of Puerto Plata is located in Puerto Plata, Puerto Plata Province. It plays a significant role in the region's trade."
DO,Sanchez,SAN44,Sanchez,"Dominican Republic",19.23,-69.62,"Dry Port",Active,Low,10941410,9624745,1608566,0.64,91,51,65,69,Medium,Energy,13,"Optimize supply chain through Sanchez to reduce delays.","The port of Sanchez is located in Sanchez, Dominican Republic. It plays a significant role in the region's trade."
DO,"Santo Domingo",SAN69,"Santo Domingo","Distrito Nacional",18.47,-69.88,Seaport,Active,High,37821407,2751654,9990153,0.66,78,48,33,53,Medium,Agriculture,3,"Optimize supply chain through Santo Domingo to reduce delays.","The port of Santo Domingo is located in Santo Domingo, Distrito Nacional. It plays a significant role in the region's trade."
EC,Manta,MAN76,Manta,Manabí,-0.95,-80.72,"River Port",Active,Low,32570346,2668225,3369116,0.82,2,68,59,43,Medium,"Machinery, Automotive",5,"Optimize supply chain through Manta to reduce delays.","The port of Manta is located in Manta, Manabí. It plays a significant role in the region's trade."
EC,"Puerto Bolivar",PUE64,"Puerto Bolívar","El Oro",-3.27,-80,"Offshore Terminal",Active,Low,48970985,9011122,13871939,0.81,78,47,74,66.33,Medium,"Agriculture, Chemicals",16,"Optimize supply chain through Puerto Bolivar to reduce delays.","The port of Puerto Bolivar is located in Puerto Bolívar, El Oro. It plays a significant role in the region's trade."
EC,"La Libertad",LAL29,"La Libertad","Santa Elena",-2.22,-80.92,"Offshore Terminal",Active,Low,33153282,1011133,15390725,0.88,59,95,58,70.67,Medium,"Textiles, Agriculture",18,"Optimize supply chain through La Libertad to reduce delays.","The port of La Libertad is located in La Libertad, Santa Elena. It plays a significant role in the region's trade."
EC,Guayaquil,GUA77,Guayaquil,Guayas,-2.2,-79.88,"Dry Port",Active,Low,37325850,8267547,2066230,0.83,100,68,24,64,Medium,"Agriculture, Energy",7,"Optimize supply chain through Guayaquil to reduce delays.","The port of Guayaquil is located in Guayaquil, Guayas. It plays a significant role in the region's trade."
EC,"Puerto Maritimo De Guayaquil",PUE44,Andiport,Ecuador,-2.28,-79.9,"Dry Port",Active,High,48546172,4312406,4433193,0.78,6,94,67,55.67,Medium,"Electronics, Chemicals",7,"Optimize supply chain through Puerto Maritimo De Guayaquil to reduce delays.","The port of Puerto Maritimo De Guayaquil is located in Andiport, Ecuador. It plays a significant role in the region's trade."
EG,Hamrawein,HAM36,Hamrawein,Egypt,26.25,34.2,"Offshore Terminal",Active,Low,1311672,2241311,15119834,0.8,70,27,1,32.67,Low,"Electronics, Chemicals",10,"Optimize supply chain through Hamrawein to reduce delays.","The port of Hamrawein is located in Hamrawein, Egypt. It plays a significant role in the region's trade."
EG,"Ain Sukhna Terminal",AIN47,"Ain Sukhna",Suez,29.58,32.37,"Offshore Terminal",Active,Medium,35022066,7272611,4618579,0.79,53,44,84,60.33,Medium,Agriculture,15,"Optimize supply chain through Ain Sukhna Terminal to reduce delays.","The port of Ain Sukhna Terminal is located in Ain Sukhna, Suez. It plays a significant role in the region's trade."
EG,"As Suways",ASS29,"Port Ibrahim",Egypt,29.97,32.55,"Offshore Terminal",Active,Low,19569482,5300590,14175710,0.71,95,60,100,85,High,"Automotive, Agriculture",4,"Optimize supply chain through As Suways to reduce delays.","The port of As Suways is located in Port Ibrahim, Egypt. It plays a significant role in the region's trade."
EG,"Sokhna Port Gas Tanker Terminal",SOK92,"Sokhna Port Gas Tanker Terminal",Egypt,29.68,32.37,"River Port",Active,Low,20736057,5704970,18048713,0.85,71,56,1,42.67,Medium,"Textiles, Energy, Automotive",8,"Optimize supply chain through Sokhna Port Gas Tanker Terminal to reduce delays.","The port of Sokhna Port Gas Tanker Terminal is located in Sokhna Port Gas Tanker Terminal, Egypt. It plays a significant role in the region's trade."
EG,"Nuweiba El Muzeima",NUW70,"Nuweiba El Muzeima",Egypt,28.97,34.65,"Offshore Terminal",Active,Low,24004277,9656936,6475761,0.64,78,10,97,61.67,Medium,"Chemicals, Textiles",3,"Optimize supply chain through Nuweiba El Muzeima to reduce delays.","The port of Nuweiba El Muzeima is located in Nuweiba El Muzeima, Egypt. It plays a significant role in the region's trade."
SV,"La Union",LAU46,"La Union","El Salvador",13.33,-87.83,"River Port",Active,High,18489445,463626,4442240,0.94,13,13,95,40.33,Medium,"Textiles, Automotive",16,"Optimize supply chain through La Union to reduce delays.","The port of La Union is located in La Union, El Salvador. It plays a significant role in the region's trade."
SV,"Acajutla Offshore Terminal",ACA52,"Acajutla Offshore Terminal","El Salvador",13.58,-89.87,"Dry Port",Active,Medium,36115239,2791800,15003220,0.87,73,99,75,82.33,High,Energy,13,"Optimize supply chain through Acajutla Offshore Terminal to reduce delays.","The port of Acajutla Offshore Terminal is located in Acajutla Offshore Terminal, El Salvador. It plays a significant role in the region's trade."
SV,Acajutla,ACA70,Acajutla,Sonsonate,13.58,-89.83,"River Port",Active,Low,41078342,4626917,1117170,0.54,86,37,6,43,Medium,Energy,16,"Optimize supply chain through Acajutla to reduce delays.","The port of Acajutla is located in Acajutla, Sonsonate. It plays a significant role in the region's trade."
GQ,Cogo,COG86,Cogo,"Equatorial Guinea",1.08,9.7,"Dry Port",Active,High,46713148,3295659,12507433,0.73,76,5,55,45.33,Medium,"Chemicals, Automotive",16,"Optimize supply chain through Cogo to reduce delays.","The port of Cogo is located in Cogo, Equatorial Guinea. It plays a significant role in the region's trade."
GQ,Luba,LUB25,Luba,"Bioko Sur",3.5,8.57,"River Port",Active,Low,45762129,2162791,653643,0.99,24,40,90,51.33,Medium,Energy,19,"Optimize supply chain through Luba to reduce delays.","The port of Luba is located in Luba, Bioko Sur. It plays a significant role in the region's trade."
GQ,"Ceiba Terminal",CEI73,Ceiba,Litoral,1.42,9.23,"River Port",Active,High,29198942,8466731,5492213,0.84,61,44,65,56.67,Medium,"Electronics, Agriculture",18,"Optimize supply chain through Ceiba Terminal to reduce delays.","The port of Ceiba Terminal is located in Ceiba, Litoral. It plays a significant role in the region's trade."
GQ,"Punta Europa Terminal",PUN50,"Punta Europa","Bioko Norte",3.78,8.72,"Dry Port",Active,Low,18555366,2424355,19875382,0.93,50,2,22,24.67,Low,Electronics,5,"Optimize supply chain through Punta Europa Terminal to reduce delays.","The port of Punta Europa Terminal is located in Punta Europa, Bioko Norte. It plays a significant role in the region's trade."
GQ,Malabo,MAL51,Malabo,"Bioko Island",3.75,8.78,"River Port",Active,Medium,28942893,3219082,5675586,0.89,63,3,24,30,Low,Textiles,13,"Optimize supply chain through Malabo to reduce delays.","The port of Malabo is located in Malabo, Bioko Island. It plays a significant role in the region's trade."
GQ,Bata,BAT81,Bata,Litoral,1.87,9.77,Seaport,Active,Low,27755666,9581909,13839718,0.68,51,82,88,73.67,Medium,Energy,11,"Optimize supply chain through Bata to reduce delays.","The port of Bata is located in Bata, Litoral. It plays a significant role in the region's trade."
GQ,"Serpentina Terminal",SER58,Iyo,Wele-Nzas,3.8,8.08,"Dry Port",Active,Low,41009684,4576510,19912395,0.68,15,53,9,25.67,Low,"Machinery, Electronics",15,"Optimize supply chain through Serpentina Terminal to reduce delays.","The port of Serpentina Terminal is located in Iyo, Wele-Nzas. It plays a significant role in the region's trade."
ER,"Mitsiwa Harbor",MIT74,Massawa,"Northern Red Sea",15.62,39.47,Seaport,Active,High,33282372,6401420,17968350,0.79,82,23,83,62.67,Medium,Energy,9,"Optimize supply chain through Mitsiwa Harbor to reduce delays.","The port of Mitsiwa Harbor is located in Massawa, Northern Red Sea. It plays a significant role in the region's trade."
ER,Assab,ASS86,Assab,"Debubawi Keyih Bahri",13,42.75,"Offshore Terminal",Active,Low,3504542,5440039,15943023,0.74,32,73,56,53.67,Medium,Machinery,7,"Optimize supply chain through Assab to reduce delays.","The port of Assab is located in Assab, Debubawi Keyih Bahri. It plays a significant role in the region's trade."
EE,"Muuga-port Of Tallin",MUU96,Paldiski,"Harju County",59.5,24.95,"Dry Port",Active,High,41647081,8054574,4580626,0.6,35,82,67,61.33,Medium,"Electronics, Energy",12,"Optimize supply chain through Muuga-port Of Tallin to reduce delays.","The port of Muuga-port Of Tallin is located in Paldiski, Harju County. It plays a significant role in the region's trade."
EE,Parnu,PAR73,Pärnu,"Pärnu maakond",58.38,24.5,"River Port",Active,Low,3336475,5043776,15826950,0.82,94,5,4,34.33,Low,"Automotive, Textiles, Energy",2,"Optimize supply chain through Parnu to reduce delays.","The port of Parnu is located in Pärnu, Pärnu maakond. It plays a significant role in the region's trade."
EE,Tallinn,TAL30,Tallinn,"Harju County",59.45,24.77,"Dry Port",Active,Medium,23327029,9226873,16251928,0.91,49,16,66,43.67,Medium,Agriculture,12,"Optimize supply chain through Tallinn to reduce delays.","The port of Tallinn is located in Tallinn, Harju County. It plays a significant role in the region's trade."
EE,Osmussaar,OSM25,Osmussaar,Estonia,59.3,23.37,Seaport,Active,High,15551033,7178082,13259282,0.59,66,92,21,59.67,Medium,"Machinery, Electronics",9,"Optimize supply chain through Osmussaar to reduce delays.","The port of Osmussaar is located in Osmussaar, Estonia. It plays a significant role in the region's trade."
EE,Paldiski,PAL36,Paldiski,"Harju County",59.35,24.03,Seaport,Active,High,30281797,1879956,19421498,0.79,78,73,61,70.67,Medium,"Energy, Machinery, Chemicals",18,"Optimize supply chain through Paldiski to reduce delays.","The port of Paldiski is located in Paldiski, Harju County. It plays a significant role in the region's trade."
EE,Kunda,KUN85,Kunda,"Lääne-Viru County",59.53,26.53,"Offshore Terminal",Active,High,23366588,9524678,17437823,0.64,18,3,67,29.33,Low,"Machinery, Textiles",10,"Optimize supply chain through Kunda to reduce delays.","The port of Kunda is located in Kunda, Lääne-Viru County. It plays a significant role in the region's trade."
EE,Sillamae,SIL11,Sillamäe,"Ida-Viru County",59.4,27.05,"Dry Port",Active,Low,37608971,2455038,17932533,0.88,79,15,85,59.67,Medium,"Energy, Electronics, Automotive",20,"Optimize supply chain through Sillamae to reduce delays.","The port of Sillamae is located in Sillamäe, Ida-Viru County. It plays a significant role in the region's trade."
FK,Stanley,STA89,"Port Stanley","Falkland Islands",-51.7,-57.83,"Dry Port",Active,Low,27525126,3368623,5258061,0.9,38,46,55,46.33,Medium,"Energy, Chemicals",18,"Optimize supply chain through Stanley to reduce delays.","The port of Stanley is located in Port Stanley, Falkland Islands. It plays a significant role in the region's trade."
FO,Sorvagur,SOR98,Sorvagur,"Faroe Islands",62.08,-7.25,"Dry Port",Active,Medium,38863142,3718601,14228025,0.8,5,4,90,33,Low,"Chemicals, Energy",17,"Optimize supply chain through Sorvagur to reduce delays.","The port of Sorvagur is located in Sorvagur, Faroe Islands. It plays a significant role in the region's trade."
FO,Vagur,VAG68,Vagur,"Faroe Islands",61.48,-6.8,"River Port",Active,Low,42589002,9145033,5565416,0.81,6,88,58,50.67,Medium,"Textiles, Chemicals, Machinery",10,"Optimize supply chain through Vagur to reduce delays.","The port of Vagur is located in Vagur, Faroe Islands. It plays a significant role in the region's trade."
FO,Klaksvik,KLA54,Klaksvik,"Faroe Islands",62.23,-6.58,Seaport,Active,Low,12342076,1860587,10302219,0.9,63,14,41,39.33,Low,"Automotive, Textiles, Machinery",10,"Optimize supply chain through Klaksvik to reduce delays.","The port of Klaksvik is located in Klaksvik, Faroe Islands. It plays a significant role in the region's trade."
FO,Tvoroyri,TVO98,Tvoroyri,"Faroe Islands",61.55,-6.8,"Offshore Terminal",Active,Medium,44520977,6787467,17792935,0.59,59,10,59,42.67,Medium,Energy,15,"Optimize supply chain through Tvoroyri to reduce delays.","The port of Tvoroyri is located in Tvoroyri, Faroe Islands. It plays a significant role in the region's trade."
FO,Torshavn,TOR52,Tórshavn,"Faroe Islands",62,-6.75,"Dry Port",Active,Low,41446473,1007637,19960957,0.75,87,96,31,71.33,Medium,Textiles,7,"Optimize supply chain through Torshavn to reduce delays.","The port of Torshavn is located in Tórshavn, Faroe Islands. It plays a significant role in the region's trade."
FO,Fuglafjordur,FUG10,Fuglafjordur,"Faroe Islands",62.25,-6.8,"Offshore Terminal",Active,Low,24398443,1365252,7771983,0.82,13,66,29,36,Low,Energy,9,"Optimize supply chain through Fuglafjordur to reduce delays.","The port of Fuglafjordur is located in Fuglafjordur, Faroe Islands. It plays a significant role in the region's trade."
FO,Vestmanna,VES91,Vestmanna,"Faroe Islands",62.15,-7.17,"River Port",Active,Low,14600706,7348811,6294889,0.77,89,61,46,65.33,Medium,Textiles,3,"Optimize supply chain through Vestmanna to reduce delays.","The port of Vestmanna is located in Vestmanna, Faroe Islands. It plays a significant role in the region's trade."
FO,Runavik,RUN65,Runavik,"Faroe Islands",62.12,-6.72,"Offshore Terminal",Active,Medium,17375941,412226,1240709,0.6,77,89,65,77,High,Agriculture,8,"Optimize supply chain through Runavik to reduce delays.","The port of Runavik is located in Runavik, Faroe Islands. It plays a significant role in the region's trade."
FJ,Levuka,LEV76,Levuka,"Eastern Division",-17.68,178.83,"Dry Port",Active,High,43929948,1669714,3875343,0.79,80,31,3,38,Low,"Automotive, Agriculture",19,"Optimize supply chain through Levuka to reduce delays.","The port of Levuka is located in Levuka, Eastern Division. It plays a significant role in the region's trade."
FJ,"Savusavu Bay",SAV99,"Savusavu Bay",Fiji,-16.77,179.33,Seaport,Active,Medium,10856957,6004568,4803294,0.9,82,72,72,75.33,High,"Electronics, Machinery",14,"Optimize supply chain through Savusavu Bay to reduce delays.","The port of Savusavu Bay is located in Savusavu Bay, Fiji. It plays a significant role in the region's trade."
FJ,"Lautoka Harbor",LAU61,Lautoka,"Western Division",-17.6,177.45,"River Port",Active,Medium,43183278,2299114,17231259,0.59,62,60,71,64.33,Medium,"Energy, Chemicals",4,"Optimize supply chain through Lautoka Harbor to reduce delays.","The port of Lautoka Harbor is located in Lautoka, Western Division. It plays a significant role in the region's trade."
FJ,Malai,MAL87,Malai,Fiji,-16.35,179.37,Seaport,Active,Low,44773725,2490606,15266074,0.87,30,96,35,53.67,Medium,"Energy, Textiles, Machinery",6,"Optimize supply chain through Malai to reduce delays.","The port of Malai is located in Malai, Fiji. It plays a significant role in the region's trade."
FJ,"Suva Harbor",SUV59,Suva,"Central Division",-18.13,178.42,Seaport,Active,Medium,39059726,3546879,15181378,0.7,8,30,37,25,Low,"Chemicals, Textiles",17,"Optimize supply chain through Suva Harbor to reduce delays.","The port of Suva Harbor is located in Suva, Central Division. It plays a significant role in the region's trade."
FI,Himanka,HIM90,Himanka,Finland,64,23.65,"River Port",Active,Low,42941480,3811220,3706830,0.58,53,37,61,50.33,Medium,"Textiles, Energy",3,"Optimize supply chain through Himanka to reduce delays.","The port of Himanka is located in Himanka, Finland. It plays a significant role in the region's trade."
FI,Naantali,NAA12,Naantali,Finland,60.47,22.02,"Offshore Terminal",Active,Low,45979415,1314032,18828877,0.74,45,54,7,35.33,Low,"Automotive, Energy, Textiles",20,"Optimize supply chain through Naantali to reduce delays.","The port of Naantali is located in Naantali, Finland. It plays a significant role in the region's trade."
FI,Jakobstad,JAK98,Jakobstad,Ostrobothnia,63.68,22.67,"Dry Port",Active,Medium,26545422,6732002,9715207,0.86,46,88,22,52,Medium,"Chemicals, Electronics",10,"Optimize supply chain through Jakobstad to reduce delays.","The port of Jakobstad is located in Jakobstad, Ostrobothnia. It plays a significant role in the region's trade."
FI,Hellnas,HEL97,Hellnas,Finland,63.28,22.23,Seaport,Active,High,46033223,4201074,8788885,0.51,77,37,73,62.33,Medium,"Electronics, Machinery",12,"Optimize supply chain through Hellnas to reduce delays.","The port of Hellnas is located in Hellnas, Finland. It plays a significant role in the region's trade."
FI,Signilskar,SIG35,Signilskar,Finland,60.2,19.33,"Dry Port",Active,High,37427393,2045921,15943896,0.74,26,2,32,20,Low,"Agriculture, Machinery",7,"Optimize supply chain through Signilskar to reduce delays.","The port of Signilskar is located in Signilskar, Finland. It plays a significant role in the region's trade."
FR,Port-vendres,POR28,Port-vendres,France,42.52,3.12,Seaport,Active,Low,24463264,569840,9860355,0.64,4,28,64,32,Low,Automotive,6,"Optimize supply chain through Port-vendres to reduce delays.","The port of Port-vendres is located in Port-vendres, France. It plays a significant role in the region's trade."
FR,Nice,NIC70,Nice,"Provence-Alpes-Côte d'Azur",43.7,7.28,"River Port",Active,Low,34351006,1786102,16063544,0.98,50,96,62,69.33,Medium,"Automotive, Machinery, Electronics",8,"Optimize supply chain through Nice to reduce delays.","The port of Nice is located in Nice, Provence-Alpes-Côte d'Azur. It plays a significant role in the region's trade."
FR,Donges,DON49,Donges,"Pays de la Loire",47.3,-2.07,"Offshore Terminal",Active,High,36037971,8247652,15465388,0.64,66,18,81,55,Medium,"Automotive, Chemicals",13,"Optimize supply chain through Donges to reduce delays.","The port of Donges is located in Donges, Pays de la Loire. It plays a significant role in the region's trade."
FR,"La Pallice",LAP95,"Fr Atl","France is best revised to Saint-Nazaire, Pays de la Loire.",46.17,-1.22,"River Port",Active,Low,15546963,3518843,1004886,0.5,62,73,17,50.67,Medium,"Chemicals, Agriculture",3,"Optimize supply chain through La Pallice to reduce delays.","The port of La Pallice is located in Fr Atl, France is best revised to Saint-Nazaire, Pays de la Loire.. It plays a significant role in the region's trade."
FR,"Dunkerque Port Ouest",DUN31,Dunkirk,Hauts-de-France,51.07,2.35,"Offshore Terminal",Active,Medium,12398209,7175687,7928042,0.67,73,71,70,71.33,Medium,"Electronics, Textiles, Machinery",14,"Optimize supply chain through Dunkerque Port Ouest to reduce delays.","The port of Dunkerque Port Ouest is located in Dunkirk, Hauts-de-France. It plays a significant role in the region's trade."
FR,Gravelines,GRA69,Gravelines,Hauts-de-France,51,2.12,"Dry Port",Active,High,30704044,3642017,15929000,0.7,91,14,89,64.67,Medium,"Chemicals, Agriculture",12,"Optimize supply chain through Gravelines to reduce delays.","The port of Gravelines is located in Gravelines, Hauts-de-France. It plays a significant role in the region's trade."
GF,"Degrad Des Cannes",DEG84,"Degrad Des Cannes","French Guiana",4.85,-52.27,"Offshore Terminal",Active,Medium,5104384,6925042,10238892,0.53,75,61,90,75.33,High,"Agriculture, Chemicals",16,"Optimize supply chain through Degrad Des Cannes to reduce delays.","The port of Degrad Des Cannes is located in Degrad Des Cannes, French Guiana. It plays a significant role in the region's trade."
PF,Vaitape,VAI65,Vaitape,"French Polynesia",-16.5,-151.75,Seaport,Active,High,47456920,5856035,7590705,0.62,27,6,7,13.33,Low,"Agriculture, Chemicals",16,"Optimize supply chain through Vaitape to reduce delays.","The port of Vaitape is located in Vaitape, French Polynesia. It plays a significant role in the region's trade."
PF,"Port Rikitea",POR22,"Port Rikitea","French Polynesia",-23.12,-134.97,"River Port",Active,Low,1498759,5180726,6115586,0.62,4,90,52,48.67,Medium,"Agriculture, Textiles, Machinery",20,"Optimize supply chain through Port Rikitea to reduce delays.","The port of Port Rikitea is located in Port Rikitea, French Polynesia. It plays a significant role in the region's trade."
PF,Papeete,PAP91,Papeete,"French Polynesia",-17.53,-149.58,"River Port",Active,Medium,35466904,101568,15901785,0.6,74,46,63,61,Medium,"Energy, Automotive",8,"Optimize supply chain through Papeete to reduce delays.","The port of Papeete is located in Papeete, French Polynesia. It plays a significant role in the region's trade."
PF,Atuona,ATU87,Atuona,"French Polynesia",-9.82,-139.03,"Dry Port",Active,Medium,44627311,2500466,2731093,0.8,54,78,37,56.33,Medium,"Energy, Agriculture",18,"Optimize supply chain through Atuona to reduce delays.","The port of Atuona is located in Atuona, French Polynesia. It plays a significant role in the region's trade."
PF,"Baie Taiohae",BAI45,"Baie Taiohae","French Polynesia",-8.93,-140.08,"River Port",Active,Medium,28986695,1064132,14361009,0.54,36,84,72,64,Medium,Textiles,11,"Optimize supply chain through Baie Taiohae to reduce delays.","The port of Baie Taiohae is located in Baie Taiohae, French Polynesia. It plays a significant role in the region's trade."
GA,"Cap Lopez",CAP43,"Cap Lopez",Gabon,-0.63,8.72,"River Port",Active,Low,2514878,5620336,8045196,0.68,47,14,75,45.33,Medium,"Electronics, Agriculture",13,"Optimize supply chain through Cap Lopez to reduce delays.","The port of Cap Lopez is located in Cap Lopez, Gabon. It plays a significant role in the region's trade."
GA,"M'bya Oil Terminal",MBY84,"M'bya Oil Terminal",Gabon,-3.88,10.93,"Offshore Terminal",Active,High,43820646,7479313,8785359,0.86,52,54,17,41,Medium,Agriculture,12,"Optimize supply chain through M'bya Oil Terminal to reduce delays.","The port of M'bya Oil Terminal is located in M'bya Oil Terminal, Gabon. It plays a significant role in the region's trade."
GA,"Oguendjo Terminal",OGU26,Oguendjo,Estuaire,-1.47,8.92,"River Port",Active,High,17554579,3949629,776345,0.73,91,96,64,83.67,High,Textiles,20,"Optimize supply chain through Oguendjo Terminal to reduce delays.","The port of Oguendjo Terminal is located in Oguendjo, Estuaire. It plays a significant role in the region's trade."
GA,Libreville,LIB86,Libreville,Estuaire,0.38,9.45,"Dry Port",Active,High,35684075,8845759,2912280,0.52,88,44,17,49.67,Medium,"Chemicals, Textiles, Machinery",9,"Optimize supply chain through Libreville to reduce delays.","The port of Libreville is located in Libreville, Estuaire. It plays a significant role in the region's trade."
GA,"Gamba Oil Terminal",GAM27,Gamba,Ogooué-Maritime,-2.83,10,"River Port",Active,High,17064327,7492050,1287945,0.52,76,39,51,55.33,Medium,"Energy, Textiles",4,"Optimize supply chain through Gamba Oil Terminal to reduce delays.","The port of Gamba Oil Terminal is located in Gamba, Ogooué-Maritime. It plays a significant role in the region's trade."
GA,"Port Gentil",POR88,"Port Gentil",Ogooué-Maritime,-0.7,8.8,"Dry Port",Active,High,33544914,5879538,14121341,0.66,88,36,97,73.67,Medium,Machinery,7,"Optimize supply chain through Port Gentil to reduce delays.","The port of Port Gentil is located in Port Gentil, Ogooué-Maritime. It plays a significant role in the region's trade."
GA,"Etame Terminal",ETA50,Port-Gentil,Ogooué-Maritime,-3.75,10.52,"Dry Port",Active,High,13572773,4132846,15080763,1,45,14,36,31.67,Low,"Automotive, Chemicals",18,"Optimize supply chain through Etame Terminal to reduce delays.","The port of Etame Terminal is located in Port-Gentil, Ogooué-Maritime. It plays a significant role in the region's trade."
GA,"Olowi Marine Terminal",OLO61,Port-Gentil,Ogooué-Maritime,-3.13,10.22,"Dry Port",Active,High,43029452,6027604,1773855,0.8,83,5,80,56,Medium,"Textiles, Machinery",2,"Optimize supply chain through Olowi Marine Terminal to reduce delays.","The port of Olowi Marine Terminal is located in Port-Gentil, Ogooué-Maritime. It plays a significant role in the region's trade."
GA,"Port Owendo",POR19,Owendo,Estuaire,0.28,9.5,"River Port",Active,Medium,3193502,9682610,3867744,0.61,95,77,33,68.33,Medium,"Agriculture, Machinery",19,"Optimize supply chain through Port Owendo to reduce delays.","The port of Port Owendo is located in Owendo, Estuaire. It plays a significant role in the region's trade."
GM,Banjul,BAN37,Banjul,Banjul,13.45,-16.57,"Offshore Terminal",Active,Low,5329745,3973324,9907760,0.91,3,69,22,31.33,Low,Textiles,20,"Optimize supply chain through Banjul to reduce delays.","The port of Banjul is located in Banjul, Banjul. It plays a significant role in the region's trade."
GE,Batumi,BAT53,Batumi,Adjara.,41.65,41.65,"River Port",Active,Medium,33279456,8897265,8377053,0.62,73,21,4,32.67,Low,"Automotive, Energy",20,"Optimize supply chain through Batumi to reduce delays.","The port of Batumi is located in Batumi, Adjara.. It plays a significant role in the region's trade."
GE,"Supsa Marine Terminal",SUP53,Supsa,Georgia,42.1,41.72,"Offshore Terminal",Active,Medium,20311783,2210781,16319913,0.72,66,53,76,65,Medium,Textiles,20,"Optimize supply chain through Supsa Marine Terminal to reduce delays.","The port of Supsa Marine Terminal is located in Supsa, Georgia. It plays a significant role in the region's trade."
GE,Poti,POT45,Poti,Georgia,42.15,41.58,"Offshore Terminal",Active,High,29782947,1635156,10557062,0.84,45,73,73,63.67,Medium,"Automotive, Machinery, Textiles",3,"Optimize supply chain through Poti to reduce delays.","The port of Poti is located in Poti, Georgia. It plays a significant role in the region's trade."
GE,Sokhumi,SOK95,Sokhumi,Georgia,42.98,40.98,"Offshore Terminal",Active,Low,23039604,682487,17596825,0.74,96,24,62,60.67,Medium,Energy,17,"Optimize supply chain through Sokhumi to reduce delays.","The port of Sokhumi is located in Sokhumi, Georgia. It plays a significant role in the region's trade."
DE,Bremerhaven,BRE91,Bremerhaven,Bremen,53.53,8.58,"River Port",Active,High,6759777,8780721,13581615,0.67,13,63,63,46.33,Medium,"Textiles, Energy",9,"Optimize supply chain through Bremerhaven to reduce delays.","The port of Bremerhaven is located in Bremerhaven, Bremen. It plays a significant role in the region's trade."
DE,Brake,BRA92,Brake,"Lower Saxony",53.33,8.48,"Offshore Terminal",Active,Medium,20407465,8089749,10386826,0.68,90,98,41,76.33,High,"Electronics, Automotive",2,"Optimize supply chain through Brake to reduce delays.","The port of Brake is located in Brake, Lower Saxony. It plays a significant role in the region's trade."
DE,Oldenburg,OLD62,Oldenburg,Germany,53.12,8.22,"Offshore Terminal",Active,Medium,27099720,3418701,10919761,0.87,2,27,12,13.67,Low,"Electronics, Energy",3,"Optimize supply chain through Oldenburg to reduce delays.","The port of Oldenburg is located in Oldenburg, Germany. It plays a significant role in the region's trade."
DE,Wismar,WIS95,Wismar,Mecklenburg-Vorpommern,53.9,11.47,"Dry Port",Active,High,48274733,4056439,19941633,0.71,90,14,85,63,Medium,"Textiles, Automotive, Agriculture",6,"Optimize supply chain through Wismar to reduce delays.","The port of Wismar is located in Wismar, Mecklenburg-Vorpommern. It plays a significant role in the region's trade."
DE,Butzfleth,BUT29,Stade,"Lower Saxony",53.65,9.52,Seaport,Active,Medium,20729237,426184,3895927,0.5,85,69,89,81,High,Agriculture,15,"Optimize supply chain through Butzfleth to reduce delays.","The port of Butzfleth is located in Stade, Lower Saxony. It plays a significant role in the region's trade."
DE,Elsfleth,ELS99,Elsfleth,Germany,53.23,8.47,"River Port",Active,Low,43204170,215592,19124998,0.71,44,62,30,45.33,Medium,"Agriculture, Automotive, Energy",13,"Optimize supply chain through Elsfleth to reduce delays.","The port of Elsfleth is located in Elsfleth, Germany. It plays a significant role in the region's trade."
DE,Kiel,KIE22,Kiel,Schleswig-Holstein,54.32,10.13,"River Port",Active,Medium,17789289,9709493,16117813,0.53,64,13,5,27.33,Low,Chemicals,13,"Optimize supply chain through Kiel to reduce delays.","The port of Kiel is located in Kiel, Schleswig-Holstein. It plays a significant role in the region's trade."
DE,"Brunsbuttel Canal Terminals",BRU57,Hamburg,Hamburg,53.9,9.15,"River Port",Active,Medium,42848219,1217420,1213961,0.9,25,40,100,55,Medium,Automotive,10,"Optimize supply chain through Brunsbuttel Canal Terminals to reduce delays.","The port of Brunsbuttel Canal Terminals is located in Hamburg, Hamburg. It plays a significant role in the region's trade."
GH,Saltpond,SAL21,Saltpond,Ghana,5.2,-1.05,"Dry Port",Active,Low,33528823,7719773,6466755,0.69,55,25,55,45,Medium,"Electronics, Automotive, Agriculture",19,"Optimize supply chain through Saltpond to reduce delays.","The port of Saltpond is located in Saltpond, Ghana. It plays a significant role in the region's trade."
GH,Takoradi,TAK92,Takoradi,"Western Region",4.88,-1.73,"Offshore Terminal",Active,Medium,44520783,233712,8726175,0.57,38,82,58,59.33,Medium,"Agriculture, Energy",3,"Optimize supply chain through Takoradi to reduce delays.","The port of Takoradi is located in Takoradi, Western Region. It plays a significant role in the region's trade."
GH,Tema,TEM97,Tema,"Greater Accra",5.62,0.02,Seaport,Active,High,1669377,4222088,1095054,0.85,53,95,39,62.33,Medium,Energy,3,"Optimize supply chain through Tema to reduce delays.","The port of Tema is located in Tema, Greater Accra. It plays a significant role in the region's trade."
GH,Sekondi,SEK57,Sekondi,Ghana,4.95,-1.7,"Dry Port",Active,Medium,11258737,8917151,14775313,0.71,99,14,95,69.33,Medium,"Electronics, Textiles",10,"Optimize supply chain through Sekondi to reduce delays.","The port of Sekondi is located in Sekondi, Ghana. It plays a significant role in the region's trade."
GI,"Europa Point",EUR50,Huelva,Andalusia,36.13,-5.35,"Offshore Terminal",Active,Low,40108015,202149,17935656,0.9,45,17,10,24,Low,Textiles,19,"Optimize supply chain through Europa Point to reduce delays.","The port of Europa Point is located in Huelva, Andalusia. It plays a significant role in the region's trade."
GR,Andros,AND49,Andros,Greece,37.83,24.95,"Offshore Terminal",Active,Low,33833670,4020259,19323959,0.68,63,28,20,37,Low,"Electronics, Chemicals, Machinery",3,"Optimize supply chain through Andros to reduce delays.","The port of Andros is located in Andros, Greece. It plays a significant role in the region's trade."
GR,Pithagorion,PIT98,Pithagorion,Greece,37.68,26.95,"River Port",Active,Medium,8490093,3340746,11747389,0.82,39,75,86,66.67,Medium,"Automotive, Agriculture",8,"Optimize supply chain through Pithagorion to reduce delays.","The port of Pithagorion is located in Pithagorion, Greece. It plays a significant role in the region's trade."
GR,Spetses,SPE49,Spetses,Greece,37.27,23.17,Seaport,Active,High,27528702,9206134,14573931,0.79,13,89,99,67,Medium,"Machinery, Electronics",13,"Optimize supply chain through Spetses to reduce delays.","The port of Spetses is located in Spetses, Greece. It plays a significant role in the region's trade."
GR,Lavrio,LAV11,Lavrio,Attica,37.7,24.07,"Offshore Terminal",Active,High,13175819,371570,16744402,0.62,54,57,98,69.67,Medium,"Energy, Automotive, Machinery",8,"Optimize supply chain through Lavrio to reduce delays.","The port of Lavrio is located in Lavrio, Attica. It plays a significant role in the region's trade."
GR,Aigio,AIG64,Aigio,Greece,38.25,22.08,Seaport,Active,Low,19160103,5834945,4832441,0.88,14,2,71,29,Low,"Chemicals, Automotive",10,"Optimize supply chain through Aigio to reduce delays.","The port of Aigio is located in Aigio, Greece. It plays a significant role in the region's trade."
GR,Astakos,AST47,Astakos,Greece,38.48,21.1,Seaport,Active,Low,33144184,6479663,17787189,0.71,30,23,6,19.67,Low,Energy,18,"Optimize supply chain through Astakos to reduce delays.","The port of Astakos is located in Astakos, Greece. It plays a significant role in the region's trade."
GL,Aasiaat,AAS41,Aasiaat,Greenland,68.7,-52.87,Seaport,Active,Low,42542674,6923341,19226785,0.74,70,28,52,50,Medium,Energy,7,"Optimize supply chain through Aasiaat to reduce delays.","The port of Aasiaat is located in Aasiaat, Greenland. It plays a significant role in the region's trade."
GL,Qeqertarsuaq,QEQ73,Qeqertarsuaq,Greenland,69.23,-53.53,"River Port",Active,Medium,13780882,3239241,11866378,0.96,63,67,97,75.67,High,Machinery,20,"Optimize supply chain through Qeqertarsuaq to reduce delays.","The port of Qeqertarsuaq is located in Qeqertarsuaq, Greenland. It plays a significant role in the region's trade."
GL,Qasigiannguit-christianshab,QAS87,Qasigiannguit-christianshab,Greenland,68.82,-51.18,"River Port",Active,Medium,18951330,6673677,18095095,0.51,10,13,51,24.67,Low,"Energy, Machinery",2,"Optimize supply chain through Qasigiannguit-christianshab to reduce delays.","The port of Qasigiannguit-christianshab is located in Qasigiannguit-christianshab, Greenland. It plays a significant role in the region's trade."
GL,"Paamuit (frederikshab)",PAA67,"Paamuit (frederikshab)",Greenland,62,-49.67,"Offshore Terminal",Active,High,34206094,1782276,10206915,0.54,92,61,82,78.33,High,Machinery,14,"Optimize supply chain through Paamuit (frederikshab) to reduce delays.","The port of Paamuit (frederikshab) is located in Paamuit (frederikshab), Greenland. It plays a significant role in the region's trade."
GL,Nuuk,NUU61,Nuuk,Nuuk,64.18,-51.75,"River Port",Active,Low,30877093,1438605,14038790,0.83,40,64,67,57,Medium,Automotive,9,"Optimize supply chain through Nuuk to reduce delays.","The port of Nuuk is located in Nuuk, Nuuk. It plays a significant role in the region's trade."
GD,"St George's",STG88,"St. George's","St. George",12.05,-61.75,"Dry Port",Active,Medium,1040293,2429328,12794315,0.51,56,27,84,55.67,Medium,"Machinery, Energy, Textiles",4,"Optimize supply chain through St George's to reduce delays.","The port of St George's is located in St. George's, St. George. It plays a significant role in the region's trade."
GP,"Port Louis",POR33,"Port Louis",Guadeloupe,16.42,-61.53,"Offshore Terminal",Active,Medium,32924243,6102340,13088823,0.68,27,2,58,29,Low,Electronics,11,"Optimize supply chain through Port Louis to reduce delays.","The port of Port Louis is located in Port Louis, Guadeloupe. It plays a significant role in the region's trade."
GP,"Pointe A Pitre",POI91,Pointe-à-Pitre,Guadeloupe,16.23,-61.53,"Dry Port",Active,Medium,27565590,8493528,9475194,0.57,18,52,76,48.67,Medium,Chemicals,17,"Optimize supply chain through Pointe A Pitre to reduce delays.","The port of Pointe A Pitre is located in Pointe-à-Pitre, Guadeloupe. It plays a significant role in the region's trade."
GP,Gustavia,GUS28,Gustavia,Guadeloupe,17.9,-62.85,"River Port",Active,High,40203366,1888050,12735862,0.68,48,67,39,51.33,Medium,"Agriculture, Electronics",6,"Optimize supply chain through Gustavia to reduce delays.","The port of Gustavia is located in Gustavia, Guadeloupe. It plays a significant role in the region's trade."
GP,"Basse Terre",BAS32,"Basse Terre",Guadeloupe,16,-61.73,"Offshore Terminal",Active,Low,9694510,1759548,4752107,0.77,74,21,44,46.33,Medium,"Energy, Machinery",19,"Optimize supply chain through Basse Terre to reduce delays.","The port of Basse Terre is located in Basse Terre, Guadeloupe. It plays a significant role in the region's trade."
GU,"Apra Harbor",APR14,Apra,Guam,13.45,144.62,"Offshore Terminal",Active,Low,14894100,9580913,11869391,0.51,78,5,58,47,Medium,Electronics,8,"Optimize supply chain through Apra Harbor to reduce delays.","The port of Apra Harbor is located in Apra, Guam. It plays a significant role in the region's trade."
GT,"Santo Thomas De Castilla",SAN68,"Santo Tomas de Castilla",Izabal,15.7,-88.62,"Offshore Terminal",Active,Medium,20936937,8549347,14397209,0.53,2,99,46,49,Medium,"Chemicals, Energy",15,"Optimize supply chain through Santo Thomas De Castilla to reduce delays.","The port of Santo Thomas De Castilla is located in Santo Tomas de Castilla, Izabal. It plays a significant role in the region's trade."
GT,"Puerto Barrios",PUE48,"Puerto Barrios",Izabal,15.73,-88.6,"Offshore Terminal",Active,Low,15619468,2668690,660051,0.5,3,91,36,43.33,Medium,"Agriculture, Electronics, Chemicals",6,"Optimize supply chain through Puerto Barrios to reduce delays.","The port of Puerto Barrios is located in Puerto Barrios, Izabal. It plays a significant role in the region's trade."
GT,"Puerto Quetzal",PUE77,"Puerto Quetzal",Escuintla,13.92,-90.8,"Offshore Terminal",Active,Medium,49721146,4330904,4195065,0.68,28,88,33,49.67,Medium,Machinery,13,"Optimize supply chain through Puerto Quetzal to reduce delays.","The port of Puerto Quetzal is located in Puerto Quetzal, Escuintla. It plays a significant role in the region's trade."
GG,"Alderney Harbour",ALD10,"Alderney Harbour",Guernsey,49.73,-2.2,"Dry Port",Active,Medium,46643356,9924438,4359652,0.67,8,23,93,41.33,Medium,"Energy, Agriculture, Chemicals",11,"Optimize supply chain through Alderney Harbour to reduce delays.","The port of Alderney Harbour is located in Alderney Harbour, Guernsey. It plays a significant role in the region's trade."
GG,"Saint Peter Port",SAI19,"St Peter Port",Guernsey,49.45,-2.53,"Offshore Terminal",Active,High,32571773,5598555,6242485,0.92,15,56,48,39.67,Low,"Agriculture, Chemicals",9,"Optimize supply chain through Saint Peter Port to reduce delays.","The port of Saint Peter Port is located in St Peter Port, Guernsey. It plays a significant role in the region's trade."
GG,"Saint Sampson",SAI94,"Saint Sampson",Guernsey,49.48,-2.52,"Offshore Terminal",Active,Low,40977455,4235061,19822743,0.53,97,12,18,42.33,Medium,Automotive,16,"Optimize supply chain through Saint Sampson to reduce delays.","The port of Saint Sampson is located in Saint Sampson, Guernsey. It plays a significant role in the region's trade."
GN,Victoria,VIC33,Victoria,Guinea,10.82,-14.57,"Offshore Terminal",Active,High,49448652,4250814,10071548,0.58,8,24,88,40,Low,Automotive,8,"Optimize supply chain through Victoria to reduce delays.","The port of Victoria is located in Victoria, Guinea. It plays a significant role in the region's trade."
GN,Benti,BEN58,Benti,Guinea,9.17,-13.2,"Offshore Terminal",Active,Medium,11685665,6645875,6737451,0.79,89,39,18,48.67,Medium,"Textiles, Energy",11,"Optimize supply chain through Benti to reduce delays.","The port of Benti is located in Benti, Guinea. It plays a significant role in the region's trade."
GN,Kamsar,KAM13,Kamsar,Boké,10.63,-14.62,"Dry Port",Active,High,11034122,6275422,19008798,0.65,32,13,47,30.67,Low,"Automotive, Machinery",19,"Optimize supply chain through Kamsar to reduce delays.","The port of Kamsar is located in Kamsar, Boké. It plays a significant role in the region's trade."
GN,Conakry,CON34,Conakry,"Conakry Autonomous Region",9.52,-13.72,"River Port",Active,Low,3308898,6481556,18944491,0.6,41,40,26,35.67,Low,"Electronics, Energy, Chemicals",6,"Optimize supply chain through Conakry to reduce delays.","The port of Conakry is located in Conakry, Conakry Autonomous Region. It plays a significant role in the region's trade."
GW,Bissau,BIS98,Bissau,Guinea-Bissau,11.87,-15.63,"Dry Port",Active,Medium,13915881,2903349,15852453,0.99,14,82,100,65.33,Medium,"Automotive, Electronics",4,"Optimize supply chain through Bissau to reduce delays.","The port of Bissau is located in Bissau, Guinea-Bissau. It plays a significant role in the region's trade."
GW,"Rio Cacheu",RIO51,"Rio Cacheu",Guinea-Bissau,12.28,-16.23,"River Port",Active,Medium,33226519,9605705,1491434,0.58,22,40,60,40.67,Medium,"Energy, Chemicals, Automotive",19,"Optimize supply chain through Rio Cacheu to reduce delays.","The port of Rio Cacheu is located in Rio Cacheu, Guinea-Bissau. It plays a significant role in the region's trade."
GY,"New Amsterdam",NEW71,"New Amsterdam","East Berbice-Corentyne",6.25,-57.52,Seaport,Active,Low,28702993,5988609,14327810,0.57,90,31,9,43.33,Medium,"Energy, Automotive",4,"Optimize supply chain through New Amsterdam to reduce delays.","The port of New Amsterdam is located in New Amsterdam, East Berbice-Corentyne. It plays a significant role in the region's trade."
GY,Linden,LIN45,Linden,"Upper Demerara-Berbice",6,-58.3,"Dry Port",Active,Low,46570794,6335743,18979579,0.88,95,44,41,60,Medium,Automotive,6,"Optimize supply chain through Linden to reduce delays.","The port of Linden is located in Linden, Upper Demerara-Berbice. It plays a significant role in the region's trade."
GY,Georgetown,GEO45,Georgetown,Demerara-Mahaica,6.83,-58.17,Seaport,Active,High,15418083,1504390,4447911,0.71,66,14,12,30.67,Low,Automotive,2,"Optimize supply chain through Georgetown to reduce delays.","The port of Georgetown is located in Georgetown, Demerara-Mahaica. It plays a significant role in the region's trade."
HT,Miragoane,MIR59,Miragoane,Haiti,18.45,-73.08,"River Port",Active,Medium,36131793,479996,764732,0.5,98,38,47,61,Medium,"Textiles, Automotive",3,"Optimize supply chain through Miragoane to reduce delays.","The port of Miragoane is located in Miragoane, Haiti. It plays a significant role in the region's trade."
HT,"Cap Haitien",CAP58,"Cap Haitien",Haiti,19.77,-72.2,"Offshore Terminal",Active,Medium,9000341,8135710,7977078,0.74,95,58,77,76.67,High,"Automotive, Chemicals, Electronics",3,"Optimize supply chain through Cap Haitien to reduce delays.","The port of Cap Haitien is located in Cap Haitien, Haiti. It plays a significant role in the region's trade."
HT,Jacmel,JAC38,Jacmel,Haiti,18.23,-72.53,Seaport,Active,Medium,46534884,5324789,6102962,0.89,52,89,80,73.67,Medium,"Textiles, Machinery, Automotive",15,"Optimize supply chain through Jacmel to reduce delays.","The port of Jacmel is located in Jacmel, Haiti. It plays a significant role in the region's trade."
HT,"Port Au Prince",POR90,Port-au-Prince,Ouest,18.55,-72.35,"River Port",Active,Medium,40149071,4695330,15302355,0.88,39,8,47,31.33,Low,Machinery,18,"Optimize supply chain through Port Au Prince to reduce delays.","The port of Port Au Prince is located in Port-au-Prince, Ouest. It plays a significant role in the region's trade."
HT,"Petit Goave",PET88,"Petit Goave",Haiti,18.43,-72.87,"Dry Port",Active,High,35697248,8020752,2814928,0.91,97,54,97,82.67,High,"Machinery, Agriculture",13,"Optimize supply chain through Petit Goave to reduce delays.","The port of Petit Goave is located in Petit Goave, Haiti. It plays a significant role in the region's trade."
HN,"La Ceiba",LAC68,"La Ceiba",Honduras,15.78,-86.8,"River Port",Active,Low,6935976,401285,10838144,0.97,44,53,77,58,Medium,"Textiles, Agriculture, Electronics",17,"Optimize supply chain through La Ceiba to reduce delays.","The port of La Ceiba is located in La Ceiba, Honduras. It plays a significant role in the region's trade."
HN,"Puerto Cortes",PUE31,"Puerto Cortes",Cortés,15.83,-87.95,"Offshore Terminal",Active,Medium,1832854,4521810,10847303,0.76,47,45,16,36,Low,"Machinery, Energy",4,"Optimize supply chain through Puerto Cortes to reduce delays.","The port of Puerto Cortes is located in Puerto Cortes, Cortés. It plays a significant role in the region's trade."
HN,"Puerto Castilla",PUE86,"Puerto Castilla",Colón,16,-85.98,"Offshore Terminal",Active,High,8716052,8593134,12931907,0.96,64,58,88,70,Medium,"Chemicals, Textiles, Machinery",3,"Optimize supply chain through Puerto Castilla to reduce delays.","The port of Puerto Castilla is located in Puerto Castilla, Colón. It plays a significant role in the region's trade."
HN,Tela,TEL88,Tela,Atlántida,15.78,-87.45,"Dry Port",Active,Low,16910668,1555331,9642821,0.52,88,30,6,41.33,Medium,"Chemicals, Agriculture",17,"Optimize supply chain through Tela to reduce delays.","The port of Tela is located in Tela, Atlántida. It plays a significant role in the region's trade."
HN,"Coxen Hole",COX35,"Coxen Hole",Honduras,16.32,-86.55,"River Port",Active,Low,24515591,9472794,12961902,0.95,84,33,93,70,Medium,"Automotive, Chemicals",2,"Optimize supply chain through Coxen Hole to reduce delays.","The port of Coxen Hole is located in Coxen Hole, Honduras. It plays a significant role in the region's trade."
HN,"Puerto Este",PUE97,"Puerto Este",Honduras,16.08,-86.9,"Offshore Terminal",Active,High,40545358,5044471,16015557,0.95,86,24,57,55.67,Medium,"Machinery, Textiles",18,"Optimize supply chain through Puerto Este to reduce delays.","The port of Puerto Este is located in Puerto Este, Honduras. It plays a significant role in the region's trade."
HN,Trujillo,TRU64,Trujillo,Honduras,15.92,-85.95,Seaport,Active,Low,36916138,8400253,8726112,0.93,90,35,31,52,Medium,"Automotive, Electronics",20,"Optimize supply chain through Trujillo to reduce delays.","The port of Trujillo is located in Trujillo, Honduras. It plays a significant role in the region's trade."
HK,"Hong Kong",HON54,"Hong Kong","Hong Kong SAR",22.27,114.2,"Offshore Terminal",Active,Medium,38976067,7811765,3015754,0.64,60,45,31,45.33,Medium,"Textiles, Machinery",9,"Optimize supply chain through Hong Kong to reduce delays.","The port of Hong Kong is located in Hong Kong, Hong Kong SAR. It plays a significant role in the region's trade."
IS,Thingeyri,THI97,Thingeyri,Iceland,65.88,-23.48,"Dry Port",Active,High,31943176,5191219,15336220,0.83,34,97,3,44.67,Medium,Automotive,5,"Optimize supply chain through Thingeyri to reduce delays.","The port of Thingeyri is located in Thingeyri, Iceland. It plays a significant role in the region's trade."
IS,Skerjafjordur,SKE52,Skerjafjordur,Iceland,64.15,-22.02,"River Port",Active,High,21508120,6023126,13287276,0.64,53,30,84,55.67,Medium,"Chemicals, Energy",5,"Optimize supply chain through Skerjafjordur to reduce delays.","The port of Skerjafjordur is located in Skerjafjordur, Iceland. It plays a significant role in the region's trade."
IS,Siglufjorhurd,SIG14,Siglufjorhurd,Iceland,66.15,-18.92,Seaport,Active,High,30513765,1302928,18516828,0.98,55,75,8,46,Medium,Electronics,20,"Optimize supply chain through Siglufjorhurd to reduce delays.","The port of Siglufjorhurd is located in Siglufjorhurd, Iceland. It plays a significant role in the region's trade."
IS,Hornabjordur,HOR90,Hornabjordur,Iceland,64.25,-15.23,"River Port",Active,Medium,30542606,2594991,10620376,0.58,55,13,26,31.33,Low,Electronics,15,"Optimize supply chain through Hornabjordur to reduce delays.","The port of Hornabjordur is located in Hornabjordur, Iceland. It plays a significant role in the region's trade."
IS,Seydhisfjordhur,SEY68,Seydhisfjordhur,Iceland,65.27,-14,"River Port",Active,Medium,2574590,7218435,11904862,1,24,98,64,62,Medium,"Energy, Textiles, Agriculture",3,"Optimize supply chain through Seydhisfjordhur to reduce delays.","The port of Seydhisfjordhur is located in Seydhisfjordhur, Iceland. It plays a significant role in the region's trade."
IS,Grundartangi,GRU91,Grundartangi,Iceland,64.27,-22,"Dry Port",Active,Low,22863491,3754636,18150418,0.51,44,67,73,61.33,Medium,"Automotive, Chemicals",5,"Optimize supply chain through Grundartangi to reduce delays.","The port of Grundartangi is located in Grundartangi, Iceland. It plays a significant role in the region's trade."
IS,Husavik,HUS20,Husavik,Iceland,66.03,-17.33,"Offshore Terminal",Active,Low,17134616,8778375,18158424,0.92,28,55,92,58.33,Medium,"Agriculture, Automotive, Textiles",5,"Optimize supply chain through Husavik to reduce delays.","The port of Husavik is located in Husavik, Iceland. It plays a significant role in the region's trade."
IS,Reykjavik,REY47,Reykjavik,Iceland,64.15,-21.93,"River Port",Active,High,11842719,1132332,5492688,0.59,8,50,4,20.67,Low,"Energy, Chemicals",3,"Optimize supply chain through Reykjavik to reduce delays.","The port of Reykjavik is located in Reykjavik, Iceland. It plays a significant role in the region's trade."
IS,Vestmannaeyjar,VES87,Vestmannaeyjar,Iceland,63.43,-20.28,"River Port",Active,Low,42835711,1131391,2229761,0.82,26,34,20,26.67,Low,"Chemicals, Agriculture, Automotive",14,"Optimize supply chain through Vestmannaeyjar to reduce delays.","The port of Vestmannaeyjar is located in Vestmannaeyjar, Iceland. It plays a significant role in the region's trade."
IS,Dalvik,DAL65,Dalvik,Iceland,65.98,-18.52,"River Port",Active,Medium,40353129,5914188,15961159,0.56,65,22,18,35,Low,"Electronics, Agriculture",8,"Optimize supply chain through Dalvik to reduce delays.","The port of Dalvik is located in Dalvik, Iceland. It plays a significant role in the region's trade."
IN,"Haldia Port",HAL74,Haldia,"West Bengal",22.02,88.08,"River Port",Active,Low,40422828,763533,10577694,0.91,85,12,40,45.67,Medium,"Energy, Machinery",14,"Optimize supply chain through Haldia Port to reduce delays.","The port of Haldia Port is located in Haldia, West Bengal. It plays a significant role in the region's trade."
IN,Hazira,HAZ52,Hazira,Gujarat,21.08,72.63,Seaport,Active,High,8028045,7503448,2586775,0.94,61,41,11,37.67,Low,"Automotive, Chemicals, Textiles",20,"Optimize supply chain through Hazira to reduce delays.","The port of Hazira is located in Hazira, Gujarat. It plays a significant role in the region's trade."
IN,Ratnagiri,RAT29,Ratnagiri,India,16.98,73.28,"Offshore Terminal",Active,Low,48116799,1963213,6218585,0.92,26,100,27,51,Medium,Electronics,14,"Optimize supply chain through Ratnagiri to reduce delays.","The port of Ratnagiri is located in Ratnagiri, India. It plays a significant role in the region's trade."
IN,"Vadinar Terminal",VAD11,"Gulf of Kutch",Gujarat,22.52,69.7,"Offshore Terminal",Active,Low,28799624,6175181,12015671,0.62,34,51,90,58.33,Medium,"Energy, Chemicals",7,"Optimize supply chain through Vadinar Terminal to reduce delays.","The port of Vadinar Terminal is located in Gulf of Kutch, Gujarat. It plays a significant role in the region's trade."
IN,Tuticorin,TUT29,Thoothukudi,"Tamil Nadu",8.8,78.17,Seaport,Active,Medium,35052368,1087539,16350314,0.65,87,69,99,85,High,"Machinery, Chemicals",2,"Optimize supply chain through Tuticorin to reduce delays.","The port of Tuticorin is located in Thoothukudi, Tamil Nadu. It plays a significant role in the region's trade."
IN,Veraval,VER74,Veraval,Gujarat,20.9,70.37,"River Port",Active,Medium,29973787,2575008,16395880,0.77,57,56,5,39.33,Low,"Machinery, Electronics",3,"Optimize supply chain through Veraval to reduce delays.","The port of Veraval is located in Veraval, Gujarat. It plays a significant role in the region's trade."
IN,Nagappattinam,NAG53,Nagapattinam,"Tamil Nadu",10.77,79.85,"River Port",Active,Medium,4376914,6777060,10254326,0.98,80,94,13,62.33,Medium,Machinery,4,"Optimize supply chain through Nagappattinam to reduce delays.","The port of Nagappattinam is located in Nagapattinam, Tamil Nadu. It plays a significant role in the region's trade."
IN,Bhavnagar,BHA44,Bhavnagar,Gujarat,21.77,72.23,"Dry Port",Active,High,19824765,2517814,3760720,0.71,54,21,87,54,Medium,Electronics,7,"Optimize supply chain through Bhavnagar to reduce delays.","The port of Bhavnagar is located in Bhavnagar, Gujarat. It plays a significant role in the region's trade."
IN,Sikka,SIK56,Sikka,Gujarat,22.43,69.83,"Offshore Terminal",Active,High,41293468,9688029,19352200,0.71,23,62,49,44.67,Medium,"Electronics, Textiles",4,"Optimize supply chain through Sikka to reduce delays.","The port of Sikka is located in Sikka, Gujarat. It plays a significant role in the region's trade."
ID,Gresik,GRE85,Gresik,"East Java",-7.15,112.65,Seaport,Active,Low,46567943,781999,916646,0.53,3,46,44,31,Low,Automotive,6,"Optimize supply chain through Gresik to reduce delays.","The port of Gresik is located in Gresik, East Java. It plays a significant role in the region's trade."
ID,"Tanjung Benete",TAN58,"Tanjung Benete",Indonesia,-8.9,116.75,"River Port",Active,High,4649473,3990216,15509475,0.61,16,43,72,43.67,Medium,"Energy, Electronics",12,"Optimize supply chain through Tanjung Benete to reduce delays.","The port of Tanjung Benete is located in Tanjung Benete, Indonesia. It plays a significant role in the region's trade."
ID,Surabaya,SUR13,Surabaya,"East Java",-7.2,112.73,"Offshore Terminal",Active,Medium,18098034,9826131,9146717,0.63,70,15,45,43.33,Medium,Textiles,3,"Optimize supply chain through Surabaya to reduce delays.","The port of Surabaya is located in Surabaya, East Java. It plays a significant role in the region's trade."
ID,Tuban,TUB47,Tuban,"East Java",-6.73,112.15,"Dry Port",Active,High,15420982,4237700,11589567,0.87,79,81,85,81.67,High,"Automotive, Textiles",5,"Optimize supply chain through Tuban to reduce delays.","The port of Tuban is located in Tuban, East Java. It plays a significant role in the region's trade."
ID,"Anyer Lor",ANY33,Anyer,Banten,-6.05,105.92,"Offshore Terminal",Active,High,38297565,6331643,6090223,0.89,40,47,26,37.67,Low,"Electronics, Machinery",4,"Optimize supply chain through Anyer Lor to reduce delays.","The port of Anyer Lor is located in Anyer, Banten. It plays a significant role in the region's trade."
IR,"Bandar Taheri Offshore Terminal",BAN59,"Bandar Taheri",Bushehr,27.65,52.35,Seaport,Active,Medium,47243151,1303749,564604,0.91,50,5,19,24.67,Low,Agriculture,15,"Optimize supply chain through Bandar Taheri Offshore Terminal to reduce delays.","The port of Bandar Taheri Offshore Terminal is located in Bandar Taheri, Bushehr. It plays a significant role in the region's trade."
IR,Bushehr,BUS90,Bushehr,"Bushehr Province",28.98,50.83,"Offshore Terminal",Active,Low,7316362,2071416,10431482,0.66,61,55,77,64.33,Medium,"Automotive, Agriculture",9,"Optimize supply chain through Bushehr to reduce delays.","The port of Bushehr is located in Bushehr, Bushehr Province. It plays a significant role in the region's trade."
IR,"Chah Bahar",CHA22,"Chah Bahar","Iran, Islamic Republic of",25.27,60.62,"Offshore Terminal",Active,High,40318028,4284663,3879232,0.84,49,17,78,48,Medium,Automotive,15,"Optimize supply chain through Chah Bahar to reduce delays.","The port of Chah Bahar is located in Chah Bahar, Iran, Islamic Republic of. It plays a significant role in the region's trade."
IR,"Jazireh-ye Sirri",JAZ43,"Sirri Island",Hormozgan,25.9,54.55,"Offshore Terminal",Active,Low,47565103,414106,9666556,0.76,44,30,86,53.33,Medium,"Energy, Textiles, Agriculture",3,"Optimize supply chain through Jazireh-ye Sirri to reduce delays.","The port of Jazireh-ye Sirri is located in Sirri Island, Hormozgan. It plays a significant role in the region's trade."
IR,"Kharg Island Oil Terminal",KHA22,"Kharg Island","Bushehr Province",29.23,50.33,"River Port",Active,Low,47228814,573038,18183095,0.74,52,65,33,50,Medium,Textiles,20,"Optimize supply chain through Kharg Island Oil Terminal to reduce delays.","The port of Kharg Island Oil Terminal is located in Kharg Island, Bushehr Province. It plays a significant role in the region's trade."
IR,"Jazireh-ye Hormoz",JAZ22,"Jazireh-ye Hormoz","Iran, Islamic Republic of",27.1,56.45,Seaport,Active,High,2459003,2445783,12278635,0.52,55,11,6,24,Low,Chemicals,10,"Optimize supply chain through Jazireh-ye Hormoz to reduce delays.","The port of Jazireh-ye Hormoz is located in Jazireh-ye Hormoz, Iran, Islamic Republic of. It plays a significant role in the region's trade."
IR,"Bandar-e Mahshahr",BAN47,"Bandar Mahshahr",Khuzestan,30.47,49.18,"River Port",Active,Medium,29249463,6794509,13290215,0.84,70,73,99,80.67,High,"Automotive, Electronics",6,"Optimize supply chain through Bandar-e Mahshahr to reduce delays.","The port of Bandar-e Mahshahr is located in Bandar Mahshahr, Khuzestan. It plays a significant role in the region's trade."
IR,Khosrowabad,KHO44,Khosrowabad,"Iran, Islamic Republic of",30.17,48.42,Seaport,Active,Low,46265377,1236162,19116954,0.74,92,93,77,87.33,High,Machinery,11,"Optimize supply chain through Khosrowabad to reduce delays.","The port of Khosrowabad is located in Khosrowabad, Iran, Islamic Republic of. It plays a significant role in the region's trade."
IR,Khorramshahr,KHO44,Khorramshahr,Khuzestan,30.43,48.18,"Offshore Terminal",Active,High,6451033,6034535,1050649,0.54,50,11,48,36.33,Low,"Electronics, Energy, Automotive",4,"Optimize supply chain through Khorramshahr to reduce delays.","The port of Khorramshahr is located in Khorramshahr, Khuzestan. It plays a significant role in the region's trade."
IR,Jask,JAS98,Jask,"Iran, Islamic Republic of",25.63,57.77,"River Port",Active,Medium,2185535,9178564,18604219,0.58,31,100,42,57.67,Medium,Chemicals,12,"Optimize supply chain through Jask to reduce delays.","The port of Jask is located in Jask, Iran, Islamic Republic of. It plays a significant role in the region's trade."
IQ,"Khawr Al Zubair Lng Terminal",KHA46,"Khawr Al Zubair Lng Terminal",Iraq,30.13,47.92,Seaport,Active,Medium,48562940,4242154,4722106,0.74,26,79,36,47,Medium,Agriculture,19,"Optimize supply chain through Khawr Al Zubair Lng Terminal to reduce delays.","The port of Khawr Al Zubair Lng Terminal is located in Khawr Al Zubair Lng Terminal, Iraq. It plays a significant role in the region's trade."
IQ,"Al Basrah",ALB77,"Al Basrah",Iraq,30.52,47.83,"River Port",Active,Low,44875269,6028714,18802651,0.93,31,7,91,43,Medium,"Agriculture, Textiles",4,"Optimize supply chain through Al Basrah to reduce delays.","The port of Al Basrah is located in Al Basrah, Iraq. It plays a significant role in the region's trade."
IQ,"Khawr Al Zubair",KHA11,"Khor al Zubair",Basra,30.18,47.9,"Offshore Terminal",Active,Medium,40127762,6613574,1624203,0.51,23,78,50,50.33,Medium,"Automotive, Electronics",8,"Optimize supply chain through Khawr Al Zubair to reduce delays.","The port of Khawr Al Zubair is located in Khor al Zubair, Basra. It plays a significant role in the region's trade."
IQ,"Khawr Al Amaya",KHA97,"Khor al-Amaya",Basra,29.78,48.8,"River Port",Active,Medium,9114782,7751765,13007848,0.6,7,86,30,41,Medium,"Energy, Machinery",10,"Optimize supply chain through Khawr Al Amaya to reduce delays.","The port of Khawr Al Amaya is located in Khor al-Amaya, Basra. It plays a significant role in the region's trade."
IQ,"Umm Qasr",UMM36,"Umm Qasr","Basra Governorate",30.02,47.95,"Dry Port",Active,High,49066056,7646966,8573786,0.57,11,32,33,25.33,Low,Agriculture,4,"Optimize supply chain through Umm Qasr to reduce delays.","The port of Umm Qasr is located in Umm Qasr, Basra Governorate. It plays a significant role in the region's trade."
IQ,"Al-basra Oil Terminal",ALB66,Al-Faw,"Basra Governorate",29.68,48.82,"River Port",Active,Medium,19672893,7745495,4673928,0.85,18,97,46,53.67,Medium,"Automotive, Chemicals, Agriculture",12,"Optimize supply chain through Al-basra Oil Terminal to reduce delays.","The port of Al-basra Oil Terminal is located in Al-Faw, Basra Governorate. It plays a significant role in the region's trade."
IE,Sligo,SLI18,Sligo,Ireland,54.27,-8.47,"Dry Port",Active,Low,24798063,6069528,12451683,0.95,10,34,83,42.33,Medium,"Chemicals, Textiles, Automotive",12,"Optimize supply chain through Sligo to reduce delays.","The port of Sligo is located in Sligo, Ireland. It plays a significant role in the region's trade."
IE,Rathmullan,RAT84,Rathmullan,Ireland,55.1,-7.53,"Dry Port",Active,High,35916859,5562076,10746959,0.84,43,24,86,51,Medium,"Energy, Textiles",11,"Optimize supply chain through Rathmullan to reduce delays.","The port of Rathmullan is located in Rathmullan, Ireland. It plays a significant role in the region's trade."
IE,Kilrush,KIL26,"Money Point","County Clare",52.63,-9.5,"Dry Port",Active,Low,34950087,4733173,893061,0.98,16,100,92,69.33,Medium,Chemicals,19,"Optimize supply chain through Kilrush to reduce delays.","The port of Kilrush is located in Money Point, County Clare. It plays a significant role in the region's trade."
IE,Valentia,VAL33,Valentia,Ireland,51.93,-10.3,"River Port",Active,Medium,46091538,556605,1132487,0.67,1,62,74,45.67,Medium,"Textiles, Electronics",18,"Optimize supply chain through Valentia to reduce delays.","The port of Valentia is located in Valentia, Ireland. It plays a significant role in the region's trade."
IE,Cobh,COB61,Whitegate,"County Clare",51.85,-8.3,"River Port",Active,High,3355681,2051388,14294932,0.78,72,87,49,69.33,Medium,Electronics,20,"Optimize supply chain through Cobh to reduce delays.","The port of Cobh is located in Whitegate, County Clare. It plays a significant role in the region's trade."
IE,Cork,COR18,Cork,"County Cork",51.85,-8.27,"Dry Port",Active,High,11674599,6191309,19302940,0.72,41,34,44,39.67,Low,Automotive,2,"Optimize supply chain through Cork to reduce delays.","The port of Cork is located in Cork, County Cork. It plays a significant role in the region's trade."
IE,"New Ross",NEW23,"New Ross",Ireland,52.38,-6.95,"Dry Port",Active,Medium,7692376,9199983,19111542,0.59,48,59,72,59.67,Medium,"Electronics, Machinery",17,"Optimize supply chain through New Ross to reduce delays.","The port of New Ross is located in New Ross, Ireland. It plays a significant role in the region's trade."
IE,Westport,WES38,Westport,Ireland,53.8,-9.53,Seaport,Active,Medium,27984347,1970886,15029500,0.95,15,47,14,25.33,Low,"Automotive, Energy, Agriculture",9,"Optimize supply chain through Westport to reduce delays.","The port of Westport is located in Westport, Ireland. It plays a significant role in the region's trade."
IM,Ramsey,RAM29,Ramsey,"Isle of Man",54.32,-4.37,"Dry Port",Active,High,23874896,7371629,18473683,0.91,46,92,66,68,Medium,"Chemicals, Automotive",11,"Optimize supply chain through Ramsey to reduce delays.","The port of Ramsey is located in Ramsey, Isle of Man. It plays a significant role in the region's trade."
IM,Douglas,DOU13,Douglas,"Isle of Man",54.15,-4.47,"Offshore Terminal",Active,Medium,8397663,7168242,9418778,0.79,100,56,98,84.67,High,"Electronics, Machinery",7,"Optimize supply chain through Douglas to reduce delays.","The port of Douglas is located in Douglas, Isle of Man. It plays a significant role in the region's trade."
IL,Ashdod,ASH25,Ashdod,"Southern District",31.82,34.65,Seaport,Active,Medium,43473041,411991,17078724,0.69,10,48,65,41,Medium,Agriculture,17,"Optimize supply chain through Ashdod to reduce delays.","The port of Ashdod is located in Ashdod, Southern District. It plays a significant role in the region's trade."
IL,Elat,ELA45,Aqaba,"Aqaba Governorate",29.55,34.95,"Offshore Terminal",Active,Medium,3544857,8033904,16599531,0.81,23,43,14,26.67,Low,"Electronics, Chemicals",3,"Optimize supply chain through Elat to reduce delays.","The port of Elat is located in Aqaba, Aqaba Governorate. It plays a significant role in the region's trade."
IL,Ashqelon,ASH54,Ashkelon,"South District",31.67,34.5,"River Port",Active,Medium,27015727,564121,1134257,0.68,6,46,1,17.67,Low,"Textiles, Automotive",6,"Optimize supply chain through Ashqelon to reduce delays.","The port of Ashqelon is located in Ashkelon, South District. It plays a significant role in the region's trade."
IL,Hadera,HAD33,Hadera,Israel,32.47,34.9,"River Port",Active,Medium,37936615,5633193,4649845,0.8,78,62,35,58.33,Medium,Agriculture,16,"Optimize supply chain through Hadera to reduce delays.","The port of Hadera is located in Hadera, Israel. It plays a significant role in the region's trade."
IL,Haifa,HAI93,Haifa,"Haifa District",32.82,35,Seaport,Active,High,32683319,9700572,4475751,0.71,83,91,27,67,Medium,Textiles,17,"Optimize supply chain through Haifa to reduce delays.","The port of Haifa is located in Haifa, Haifa District. It plays a significant role in the region's trade."
IT,Brindisi,BRI63,Brindisi,Apulia,40.65,17.98,"Offshore Terminal",Active,High,42806350,8495846,1127914,0.86,4,57,9,23.33,Low,Electronics,9,"Optimize supply chain through Brindisi to reduce delays.","The port of Brindisi is located in Brindisi, Apulia. It plays a significant role in the region's trade."
IT,Salerno,SAL94,Salerno,Campania,40.67,14.75,"Offshore Terminal",Active,High,41183894,6139081,18092182,0.68,92,39,11,47.33,Medium,Energy,19,"Optimize supply chain through Salerno to reduce delays.","The port of Salerno is located in Salerno, Campania. It plays a significant role in the region's trade."
IT,Napoli,NAP77,Naples,Campania,40.85,14.27,"Dry Port",Active,High,20936386,3424021,5537068,0.81,56,48,100,68,Medium,"Energy, Electronics, Agriculture",16,"Optimize supply chain through Napoli to reduce delays.","The port of Napoli is located in Naples, Campania. It plays a significant role in the region's trade."
IT,Imperia,IMP21,Imperia,Italy,43.88,8.03,"Dry Port",Active,High,42164224,6500671,2928089,0.62,87,52,58,65.67,Medium,"Machinery, Electronics",12,"Optimize supply chain through Imperia to reduce delays.","The port of Imperia is located in Imperia, Italy. It plays a significant role in the region's trade."
IT,"La Spezia",LAS45,"La Spezia",Liguria,44.1,9.83,"River Port",Active,Low,30240411,8355487,15870145,0.92,72,44,61,59,Medium,Chemicals,10,"Optimize supply chain through La Spezia to reduce delays.","The port of La Spezia is located in La Spezia, Liguria. It plays a significant role in the region's trade."
IT,Genova,GEN88,Genoa,Liguria,44.4,8.93,Seaport,Active,Medium,21150144,5917494,5930087,0.85,59,6,42,35.67,Low,"Chemicals, Energy, Automotive",12,"Optimize supply chain through Genova to reduce delays.","The port of Genova is located in Genoa, Liguria. It plays a significant role in the region's trade."
IT,Gaeta,GAE15,Gaeta,Lazio,41.2,13.58,"River Port",Active,Medium,37886295,9314062,15726853,0.86,18,72,4,31.33,Low,"Agriculture, Automotive, Machinery",5,"Optimize supply chain through Gaeta to reduce delays.","The port of Gaeta is located in Gaeta, Lazio. It plays a significant role in the region's trade."
IT,"Melilli Oil Terminal",MEL16,Melilli,Sicily,37.12,15.25,"Dry Port",Active,Low,34381584,9540009,14761232,0.9,92,99,69,86.67,High,Automotive,12,"Optimize supply chain through Melilli Oil Terminal to reduce delays.","The port of Melilli Oil Terminal is located in Melilli, Sicily. It plays a significant role in the region's trade."
IT,"Torre Annunziata",TOR62,"Torre Annunziata",Italy,40.75,14.45,"Dry Port",Active,Low,31714798,3698018,9883131,0.87,25,75,3,34.33,Low,"Energy, Chemicals",7,"Optimize supply chain through Torre Annunziata to reduce delays.","The port of Torre Annunziata is located in Torre Annunziata, Italy. It plays a significant role in the region's trade."
IT,"Porto Di Lido-venezia",POR52,"Porto Di Lido-venezia",Italy,45.42,12.43,"River Port",Active,High,32755173,7914610,9815796,0.5,56,46,80,60.67,Medium,"Electronics, Textiles",16,"Optimize supply chain through Porto Di Lido-venezia to reduce delays.","The port of Porto Di Lido-venezia is located in Porto Di Lido-venezia, Italy. It plays a significant role in the region's trade."
IT,Ortona,ORT32,Ortona,Abruzzo,42.35,14.42,"Offshore Terminal",Active,Low,14930064,5027947,3953752,0.96,37,87,67,63.67,Medium,"Agriculture, Electronics",20,"Optimize supply chain through Ortona to reduce delays.","The port of Ortona is located in Ortona, Abruzzo. It plays a significant role in the region's trade."
IT,Marsala,MAR34,Marsala,Italy,37.78,12.43,"Offshore Terminal",Active,High,14122034,539230,9300772,0.67,65,41,3,36.33,Low,"Energy, Agriculture",12,"Optimize supply chain through Marsala to reduce delays.","The port of Marsala is located in Marsala, Italy. It plays a significant role in the region's trade."
JM,"Port Antonio",POR27,"Port Antonio",Portland,18.18,-76.45,"River Port",Active,Medium,33235837,3216453,7301608,0.99,7,23,98,42.67,Medium,"Automotive, Machinery",5,"Optimize supply chain through Port Antonio to reduce delays.","The port of Port Antonio is located in Port Antonio, Portland. It plays a significant role in the region's trade."
JM,"Savannah La Mar",SAV72,"Savannah La Mar",Jamaica,18.2,-78.13,Seaport,Active,Medium,41995557,7660239,15715086,0.83,69,22,37,42.67,Medium,"Electronics, Agriculture",2,"Optimize supply chain through Savannah La Mar to reduce delays.","The port of Savannah La Mar is located in Savannah La Mar, Jamaica. It plays a significant role in the region's trade."
JM,Falmouth,FAL20,Falmouth,Jamaica,18.48,-77.65,Seaport,Active,High,5327360,7043309,13752220,0.93,22,10,30,20.67,Low,Electronics,3,"Optimize supply chain through Falmouth to reduce delays.","The port of Falmouth is located in Falmouth, Jamaica. It plays a significant role in the region's trade."
JM,"Rocky Point",ROC40,"Rocky Point",Clarendon,17.82,-77.15,"Offshore Terminal",Active,High,6790041,8098637,3164395,0.83,48,88,19,51.67,Medium,"Chemicals, Automotive",11,"Optimize supply chain through Rocky Point to reduce delays.","The port of Rocky Point is located in Rocky Point, Clarendon. It plays a significant role in the region's trade."
JM,"Port Kaiser",POR73,"Port Kaiser","St. Elizabeth",17.87,-77.6,"River Port",Active,Medium,42947257,2065336,919315,0.76,13,13,35,20.33,Low,"Electronics, Automotive",8,"Optimize supply chain through Port Kaiser to reduce delays.","The port of Port Kaiser is located in Port Kaiser, St. Elizabeth. It plays a significant role in the region's trade."
JM,"Montego Bay",MON25,"Montego Bay","St. James",18.47,-77.93,"River Port",Active,Low,1394407,1638720,14120106,0.99,76,25,52,51,Medium,Agriculture,4,"Optimize supply chain through Montego Bay to reduce delays.","The port of Montego Bay is located in Montego Bay, St. James. It plays a significant role in the region's trade."
JM,"Port Esquivel",POR59,"Port Esquivel",Jamaica,17.88,-77.13,"River Port",Active,Medium,9805257,1859173,11756698,0.63,26,88,45,53,Medium,"Machinery, Chemicals",5,"Optimize supply chain through Port Esquivel to reduce delays.","The port of Port Esquivel is located in Port Esquivel, Jamaica. It plays a significant role in the region's trade."
JP,"Tsukumi Ko",TSU14,Tsukumi,Oita,33.08,131.87,"Dry Port",Active,High,40567204,3130357,14186834,0.63,96,16,71,61,Medium,"Machinery, Textiles, Agriculture",4,"Optimize supply chain through Tsukumi Ko to reduce delays.","The port of Tsukumi Ko is located in Tsukumi, Oita. It plays a significant role in the region's trade."
JP,"Isikari Wan",ISI59,"Isikari Wan",Japan,43.23,141.37,"Dry Port",Active,Medium,45980595,2597607,7795314,0.83,65,31,65,53.67,Medium,"Chemicals, Machinery",13,"Optimize supply chain through Isikari Wan to reduce delays.","The port of Isikari Wan is located in Isikari Wan, Japan. It plays a significant role in the region's trade."
JP,"Tokyo Ko",TOK34,Tokyo,"Tokyo Prefecture",35.67,139.75,"River Port",Active,Medium,8293226,8350814,19365969,0.5,32,66,78,58.67,Medium,"Energy, Chemicals, Electronics",3,"Optimize supply chain through Tokyo Ko to reduce delays.","The port of Tokyo Ko is located in Tokyo, Tokyo Prefecture. It plays a significant role in the region's trade."
JP,"Kagoshima Ko",KAG60,Kagoshima,"Kagoshima Prefecture",31.58,130.57,"Dry Port",Active,Medium,34395368,2028601,19605477,0.99,44,51,18,37.67,Low,Machinery,19,"Optimize supply chain through Kagoshima Ko to reduce delays.","The port of Kagoshima Ko is located in Kagoshima, Kagoshima Prefecture. It plays a significant role in the region's trade."
JP,"Kesennuma Ko",KES12,"Kesennuma Ko",Japan,38.87,141.6,"Dry Port",Active,Medium,28933251,3968300,17209856,0.81,77,84,9,56.67,Medium,"Electronics, Textiles, Chemicals",11,"Optimize supply chain through Kesennuma Ko to reduce delays.","The port of Kesennuma Ko is located in Kesennuma Ko, Japan. It plays a significant role in the region's trade."
JP,Hakata,HAK72,Fukuma,Fukuoka,33.6,130.4,"Offshore Terminal",Active,High,28218427,9816753,3185176,0.98,4,54,10,22.67,Low,Machinery,8,"Optimize supply chain through Hakata to reduce delays.","The port of Hakata is located in Fukuma, Fukuoka. It plays a significant role in the region's trade."
JP,"Ube Ko",UBE96,Ube,Yamaguchi,33.93,131.23,"Dry Port",Active,High,14768954,149478,18577211,0.94,83,40,97,73.33,Medium,Energy,10,"Optimize supply chain through Ube Ko to reduce delays.","The port of Ube Ko is located in Ube, Yamaguchi. It plays a significant role in the region's trade."
JE,"Saint Helier Harbour",SAI60,"St Helier",Jersey,49.18,-2.12,"River Port",Active,High,21750008,4052976,11092016,0.85,85,17,6,36,Low,Machinery,15,"Optimize supply chain through Saint Helier Harbour to reduce delays.","The port of Saint Helier Harbour is located in St Helier, Jersey. It plays a significant role in the region's trade."
JO,"Al Aqabah",ALA68,Aqaba,"Aqaba Governorate",29.52,35,Seaport,Active,Low,8709619,6869901,16527986,0.72,62,91,91,81.33,High,Chemicals,9,"Optimize supply chain through Al Aqabah to reduce delays.","The port of Al Aqabah is located in Aqaba, Aqaba Governorate. It plays a significant role in the region's trade."
KE,Mombasa,MOM96,Mombasa,"Mombasa County",-4.07,39.67,"River Port",Active,Medium,33083126,4129290,3166426,0.62,91,38,3,44,Medium,"Chemicals, Textiles",17,"Optimize supply chain through Mombasa to reduce delays.","The port of Mombasa is located in Mombasa, Mombasa County. It plays a significant role in the region's trade."
KE,Kilifi,KIL81,Kilifi,Kenya,-3.63,39.87,"Dry Port",Active,High,12583982,935477,6671172,0.86,20,68,82,56.67,Medium,Energy,15,"Optimize supply chain through Kilifi to reduce delays.","The port of Kilifi is located in Kilifi, Kenya. It plays a significant role in the region's trade."
KE,Lamu,LAM19,Lamu,Kenya,-2.27,40.9,"Dry Port",Active,Medium,2041907,3481272,17673538,0.9,89,81,31,67,Medium,"Agriculture, Automotive",3,"Optimize supply chain through Lamu to reduce delays.","The port of Lamu is located in Lamu, Kenya. It plays a significant role in the region's trade."
KE,Malindi,MAL20,Malindi,Kenya,-3.22,40.13,"River Port",Active,Medium,34035458,1019981,10975627,0.63,79,91,70,80,High,"Chemicals, Machinery, Agriculture",15,"Optimize supply chain through Malindi to reduce delays.","The port of Malindi is located in Malindi, Kenya. It plays a significant role in the region's trade."
KI,"Tarawa Atoll",TAR26,"Tarawa Atoll",Kiribati,1.33,172.93,Seaport,Active,High,19576845,7671941,11109843,0.79,80,89,43,70.67,Medium,Chemicals,2,"Optimize supply chain through Tarawa Atoll to reduce delays.","The port of Tarawa Atoll is located in Tarawa Atoll, Kiribati. It plays a significant role in the region's trade."
KI,"Canton Island",CAN93,"Canton Island",Kiribati,-2.83,-171.72,"River Port",Active,Medium,6589990,3684209,14236412,0.92,78,8,28,38,Low,Energy,16,"Optimize supply chain through Canton Island to reduce delays.","The port of Canton Island is located in Canton Island, Kiribati. It plays a significant role in the region's trade."
KI,"English Harbor",ENG63,"English Harbor",Kiribati,3.85,-159.37,"Offshore Terminal",Active,High,10109489,1892998,7557832,0.62,60,72,20,50.67,Medium,"Chemicals, Electronics, Machinery",7,"Optimize supply chain through English Harbor to reduce delays.","The port of English Harbor is located in English Harbor, Kiribati. It plays a significant role in the region's trade."
KW,"Mina Ash Shuaybah",MIN28,"Mina Abdulla","Al Ahmadi",29.03,48.17,"Offshore Terminal",Active,Medium,26200197,6048764,14717777,0.98,87,64,57,69.33,Medium,"Electronics, Chemicals, Agriculture",11,"Optimize supply chain through Mina Ash Shuaybah to reduce delays.","The port of Mina Ash Shuaybah is located in Mina Abdulla, Al Ahmadi. It plays a significant role in the region's trade."
KW,"Doha Harbor",DOH21,"Doha Harbor",Kuwait,29.38,47.8,Seaport,Active,Medium,14699096,4958079,12337098,0.96,20,79,41,46.67,Medium,"Machinery, Agriculture",12,"Optimize supply chain through Doha Harbor to reduce delays.","The port of Doha Harbor is located in Doha Harbor, Kuwait. It plays a significant role in the region's trade."
KW,"Mina Abd Allah",MIN28,Shuaiba,"Al Ahmadi",29.02,48.17,"Dry Port",Active,Medium,49523875,1150092,3588012,0.67,31,67,14,37.33,Low,Machinery,18,"Optimize supply chain through Mina Abd Allah to reduce delays.","The port of Mina Abd Allah is located in Shuaiba, Al Ahmadi. It plays a significant role in the region's trade."
KW,"Mina Al Ahmadi",MIN56,"Mina Al-Ahmadi",Al-Ahmadi,29.07,48.17,"Offshore Terminal",Active,High,42734244,2779342,11522316,0.91,57,80,24,53.67,Medium,"Electronics, Energy",6,"Optimize supply chain through Mina Al Ahmadi to reduce delays.","The port of Mina Al Ahmadi is located in Mina Al-Ahmadi, Al-Ahmadi. It plays a significant role in the region's trade."
KW,"Al Kuwayt",ALK73,"Kuwait City","Al Asimah",29.35,47.93,"Offshore Terminal",Active,Medium,5615746,7466850,11084779,0.8,4,18,32,18,Low,"Electronics, Chemicals, Automotive",8,"Optimize supply chain through Al Kuwayt to reduce delays.","The port of Al Kuwayt is located in Kuwait City, Al Asimah. It plays a significant role in the region's trade."
LV,Salacgriva,SAL77,Salacgriva,Latvia,57.7,24.37,"Dry Port",Active,Low,30871013,1885541,10061720,0.88,71,3,52,42,Medium,Electronics,14,"Optimize supply chain through Salacgriva to reduce delays.","The port of Salacgriva is located in Salacgriva, Latvia. It plays a significant role in the region's trade."
LV,Liepaja,LIE78,Liepaja,"Liepāja Municipality",56.52,21.02,"Offshore Terminal",Active,Medium,32043143,7855279,15867285,0.69,64,62,84,70,Medium,"Machinery, Automotive, Energy",13,"Optimize supply chain through Liepaja to reduce delays.","The port of Liepaja is located in Liepaja, Liepāja Municipality. It plays a significant role in the region's trade."
LV,Ventspils,VEN44,Ventspils,"Ventspils Municipality",57.4,21.53,"River Port",Active,Medium,34452683,5836723,4771653,0.82,48,44,8,33.33,Low,Electronics,19,"Optimize supply chain through Ventspils to reduce delays.","The port of Ventspils is located in Ventspils, Ventspils Municipality. It plays a significant role in the region's trade."
LV,Lielupe,LIE81,Lielupe,Latvia,57,23.43,"River Port",Active,High,29241022,1512060,14239700,0.55,18,64,34,38.67,Low,"Automotive, Agriculture, Chemicals",5,"Optimize supply chain through Lielupe to reduce delays.","The port of Lielupe is located in Lielupe, Latvia. It plays a significant role in the region's trade."
LV,Riga,RIG88,Riga,Latvia,56.95,24.1,"River Port",Active,Low,6835125,6728207,15055017,0.83,81,17,89,62.33,Medium,Electronics,7,"Optimize supply chain through Riga to reduce delays.","The port of Riga is located in Riga, Latvia. It plays a significant role in the region's trade."
LB,Bayrut,BAY50,Beirut,"Beirut Governorate",33.9,35.5,"Offshore Terminal",Active,Medium,27886558,964077,11837992,0.65,68,91,33,64,Medium,"Chemicals, Machinery, Agriculture",9,"Optimize supply chain through Bayrut to reduce delays.","The port of Bayrut is located in Beirut, Beirut Governorate. It plays a significant role in the region's trade."
LB,"Sidon/zahrani Terminal",SID80,Jiyeh,"Mount Lebanon",33.53,35.32,"River Port",Active,Medium,39631542,4668856,15332881,0.5,74,1,58,44.33,Medium,"Electronics, Chemicals, Agriculture",19,"Optimize supply chain through Sidon/zahrani Terminal to reduce delays.","The port of Sidon/zahrani Terminal is located in Jiyeh, Mount Lebanon. It plays a significant role in the region's trade."
LB,Tarabulus,TAR13,Tripoli,"North Governorate",34.45,35.83,Seaport,Active,Low,24677750,9824887,2789543,0.58,13,4,40,19,Low,"Chemicals, Agriculture",19,"Optimize supply chain through Tarabulus to reduce delays.","The port of Tarabulus is located in Tripoli, North Governorate. It plays a significant role in the region's trade."
LB,Sayda,SAY70,Saida,"South Governorate",33.5,35.35,"Dry Port",Active,High,24097927,9522194,6658529,0.87,32,39,16,29,Low,"Energy, Agriculture",13,"Optimize supply chain through Sayda to reduce delays.","The port of Sayda is located in Saida, South Governorate. It plays a significant role in the region's trade."
LR,Monrovia,MON71,Monrovia,Liberia,6.32,-10.82,Seaport,Active,Medium,19042100,7206543,10382469,0.52,94,42,45,60.33,Medium,Textiles,7,"Optimize supply chain through Monrovia to reduce delays.","The port of Monrovia is located in Monrovia, Liberia. It plays a significant role in the region's trade."
LR,Buchanan,BUC77,Buchanan,"Grand Bassa County",5.87,-10.07,"Offshore Terminal",Active,Medium,31299068,600216,5987132,0.63,97,79,38,71.33,Medium,"Energy, Electronics",18,"Optimize supply chain through Buchanan to reduce delays.","The port of Buchanan is located in Buchanan, Grand Bassa County. It plays a significant role in the region's trade."
LR,Greenville,GRE67,Greenville,Liberia,4.98,-9.05,"Dry Port",Active,Low,22603997,7249517,18264632,0.8,53,4,99,52,Medium,Machinery,10,"Optimize supply chain through Greenville to reduce delays.","The port of Greenville is located in Greenville, Liberia. It plays a significant role in the region's trade."
LR,"Cape Palmas",CAP44,Harper,Maryland,4.37,-7.72,"River Port",Active,High,46351264,3640181,10657671,0.65,96,8,71,58.33,Medium,"Agriculture, Energy",6,"Optimize supply chain through Cape Palmas to reduce delays.","The port of Cape Palmas is located in Harper, Maryland. It plays a significant role in the region's trade."
LY,Khoms,KHO60,Khoms,"Al Murqub",32.67,14.25,"Dry Port",Active,Medium,34260123,2337301,9415258,0.77,15,21,14,16.67,Low,Agriculture,14,"Optimize supply chain through Khoms to reduce delays.","The port of Khoms is located in Khoms, Al Murqub. It plays a significant role in the region's trade."
LY,"Mersa Tobruq",MER56,Tobruk,Butnan,32.08,23.98,Seaport,Active,Low,18098556,9748075,3803329,0.56,37,70,55,54,Medium,"Energy, Textiles",9,"Optimize supply chain through Mersa Tobruq to reduce delays.","The port of Mersa Tobruq is located in Tobruk, Butnan. It plays a significant role in the region's trade."
LY,"Marsa Sabratah",MAR38,"Marsa Sabratah",Libya,32.82,12.5,"Offshore Terminal",Active,Medium,14469623,4371806,4945510,0.79,52,88,25,55,Medium,"Machinery, Automotive",20,"Optimize supply chain through Marsa Sabratah to reduce delays.","The port of Marsa Sabratah is located in Marsa Sabratah, Libya. It plays a significant role in the region's trade."
LY,"Ez Zueitina",EZZ60,Zueitina,"Al Wahat District",30.85,20.05,"River Port",Active,Medium,4471583,5064013,10314600,0.69,87,12,3,34,Low,Textiles,10,"Optimize supply chain through Ez Zueitina to reduce delays.","The port of Ez Zueitina is located in Zueitina, Al Wahat District. It plays a significant role in the region's trade."
LY,"Az Zawiya",AZZ33,"Az Zawiyah",Jafara.,32.8,12.72,Seaport,Active,Low,21876294,7714969,13825670,0.82,11,76,11,32.67,Low,"Agriculture, Energy, Electronics",9,"Optimize supply chain through Az Zawiya to reduce delays.","The port of Az Zawiya is located in Az Zawiyah, Jafara.. It plays a significant role in the region's trade."
LY,Misratah,MIS82,Misurata,"Misurata District",32.37,15.22,"Offshore Terminal",Active,Low,48296557,6607877,8115825,0.6,72,38,52,54,Medium,"Machinery, Chemicals",8,"Optimize supply chain through Misratah to reduce delays.","The port of Misratah is located in Misurata, Misurata District. It plays a significant role in the region's trade."
LY,Darnah,DAR64,Darnah,Libya,32.77,22.65,Seaport,Active,Medium,43387971,533368,12096503,0.93,95,93,6,64.67,Medium,"Energy, Electronics, Textiles",7,"Optimize supply chain through Darnah to reduce delays.","The port of Darnah is located in Darnah, Libya. It plays a significant role in the region's trade."
LT,Klaipeda,KLA98,Klaipeda,"Klaipėdos Apskritis",55.72,21.12,"Offshore Terminal",Active,High,41114886,4249529,10229720,0.83,71,91,15,59,Medium,"Chemicals, Textiles",6,"Optimize supply chain through Klaipeda to reduce delays.","The port of Klaipeda is located in Klaipeda, Klaipėdos Apskritis. It plays a significant role in the region's trade."
LT,"Butinge Oil Terminal",BUT42,Būtingė,"Klaipėda County",56.03,20.95,"Offshore Terminal",Active,Low,28954526,3884893,10129326,0.55,45,28,89,54,Medium,"Energy, Electronics, Chemicals",7,"Optimize supply chain through Butinge Oil Terminal to reduce delays.","The port of Butinge Oil Terminal is located in Būtingė, Klaipėda County. It plays a significant role in the region's trade."
MG,Iharana,IHA32,Iharana,Madagascar,-13.35,50,"River Port",Active,High,34959630,856183,4663165,0.66,28,61,31,40,Low,"Chemicals, Energy",16,"Optimize supply chain through Iharana to reduce delays.","The port of Iharana is located in Iharana, Madagascar. It plays a significant role in the region's trade."
MG,Maroantsetra,MAR39,Maroantsetra,Madagascar,-15.45,49.82,"River Port",Active,High,46889408,6897059,8253610,0.66,60,47,80,62.33,Medium,Agriculture,13,"Optimize supply chain through Maroantsetra to reduce delays.","The port of Maroantsetra is located in Maroantsetra, Madagascar. It plays a significant role in the region's trade."
MG,Morondava,MOR86,Morondava,Madagascar,-20.28,44.3,"Dry Port",Active,Low,36474378,1613096,13789844,0.9,85,13,44,47.33,Medium,"Machinery, Automotive, Chemicals",12,"Optimize supply chain through Morondava to reduce delays.","The port of Morondava is located in Morondava, Madagascar. It plays a significant role in the region's trade."
MG,Toamasina,TOA76,Toamasina,Atsinanana,-18.17,49.42,"Dry Port",Active,Medium,38932207,1122189,16740536,0.96,10,52,27,29.67,Low,"Machinery, Automotive, Electronics",15,"Optimize supply chain through Toamasina to reduce delays.","The port of Toamasina is located in Toamasina, Atsinanana. It plays a significant role in the region's trade."
MG,Mahajanga,MAH24,Mahajanga,Mahajanga,-15.72,46.3,"Dry Port",Active,Low,41141340,503446,12303087,0.66,31,47,84,54,Medium,Automotive,5,"Optimize supply chain through Mahajanga to reduce delays.","The port of Mahajanga is located in Mahajanga, Mahajanga. It plays a significant role in the region's trade."
MG,Mananjary,MAN98,Mananjary,Madagascar,-21.25,48.33,"Offshore Terminal",Active,Low,8360929,6099753,15866783,0.62,24,56,24,34.67,Low,Textiles,13,"Optimize supply chain through Mananjary to reduce delays.","The port of Mananjary is located in Mananjary, Madagascar. It plays a significant role in the region's trade."
MG,Antsiranana,ANT85,Antsiranana,Diana,-12.27,49.28,Seaport,Active,Medium,1663959,6250304,6012542,0.94,75,66,90,77,High,"Chemicals, Agriculture",9,"Optimize supply chain through Antsiranana to reduce delays.","The port of Antsiranana is located in Antsiranana, Diana. It plays a significant role in the region's trade."
MY,Sibu,SIB68,Sibu,Malaysia,2.28,111.82,"River Port",Active,High,42484513,7786873,6096463,0.84,34,26,89,49.67,Medium,"Chemicals, Textiles",12,"Optimize supply chain through Sibu to reduce delays.","The port of Sibu is located in Sibu, Malaysia. It plays a significant role in the region's trade."
MY,"Kota Kinabalu",KOT52,"Kota Kinabalu",Sabah,5.98,116.07,"Dry Port",Active,Medium,2654624,1896064,9050839,0.64,51,63,43,52.33,Medium,"Electronics, Energy",2,"Optimize supply chain through Kota Kinabalu to reduce delays.","The port of Kota Kinabalu is located in Kota Kinabalu, Sabah. It plays a significant role in the region's trade."
MY,"Kuantan New Port",KUA30,Kuantan,Pahang,3.97,103.43,"River Port",Active,High,48686202,4018327,16584748,0.63,62,86,56,68,Medium,"Energy, Textiles",16,"Optimize supply chain through Kuantan New Port to reduce delays.","The port of Kuantan New Port is located in Kuantan, Pahang. It plays a significant role in the region's trade."
MY,"Teluk Anson",TEL13,"Teluk Anson",Malaysia,4.02,101.02,"River Port",Active,Medium,44419538,6648596,17926948,0.74,78,29,40,49,Medium,"Energy, Chemicals",8,"Optimize supply chain through Teluk Anson to reduce delays.","The port of Teluk Anson is located in Teluk Anson, Malaysia. It plays a significant role in the region's trade."
MY,Kudat,KUD76,Kudat,Malaysia,6.88,116.85,"Dry Port",Active,Low,22164918,4178330,16841352,0.8,1,75,17,31,Low,"Automotive, Chemicals, Agriculture",8,"Optimize supply chain through Kudat to reduce delays.","The port of Kudat is located in Kudat, Malaysia. It plays a significant role in the region's trade."
MY,Miri,MIR42,Miri,Sarawak,4.38,113.97,Seaport,Active,Medium,31171167,7902326,4576810,0.88,39,89,58,62,Medium,Textiles,3,"Optimize supply chain through Miri to reduce delays.","The port of Miri is located in Miri, Sarawak. It plays a significant role in the region's trade."
MY,Kuching,KUC39,Kuching,Sarawak,1.57,110.35,Seaport,Active,High,14597387,9526795,11749885,0.82,19,37,56,37.33,Low,Automotive,3,"Optimize supply chain through Kuching to reduce delays.","The port of Kuching is located in Kuching, Sarawak. It plays a significant role in the region's trade."
MY,Bintangor,BIN94,Bintangor,Malaysia,2.17,111.63,"Dry Port",Active,Low,38037950,9315952,14514293,0.53,24,91,99,71.33,Medium,Chemicals,2,"Optimize supply chain through Bintangor to reduce delays.","The port of Bintangor is located in Bintangor, Malaysia. It plays a significant role in the region's trade."
MY,"Kemaman Harbor",KEM52,Kemaman,Terengganu,4.25,103.47,"River Port",Active,Low,21933946,6118177,16942149,0.83,95,95,93,94.33,High,"Machinery, Textiles",2,"Optimize supply chain through Kemaman Harbor to reduce delays.","The port of Kemaman Harbor is located in Kemaman, Terengganu. It plays a significant role in the region's trade."
MY,"Kirteh Oil Terminal",KIR36,Kerteh,Terengganu,4.57,103.47,Seaport,Active,Medium,46720496,3624771,16610078,0.81,31,4,89,41.33,Medium,"Agriculture, Electronics, Energy",15,"Optimize supply chain through Kirteh Oil Terminal to reduce delays.","The port of Kirteh Oil Terminal is located in Kerteh, Terengganu. It plays a significant role in the region's trade."
MV,Male,MAL47,Male,Maldives,4.17,73.5,"Dry Port",Active,Medium,26968408,4812488,13713369,0.91,14,8,66,29.33,Low,"Chemicals, Agriculture",11,"Optimize supply chain through Male to reduce delays.","The port of Male is located in Male, Maldives. It plays a significant role in the region's trade."
ML,Baraawe,BAR57,Baraawe,Mali,1.1,44.05,"Dry Port",Active,Medium,17379910,2672932,15224807,0.55,68,23,83,58,Medium,"Automotive, Energy, Textiles",3,"Optimize supply chain through Baraawe to reduce delays.","The port of Baraawe is located in Baraawe, Mali. It plays a significant role in the region's trade."
ML,Muqdisho,MUQ64,Mogadishu,Banaadir,2.03,45.35,"River Port",Active,Medium,6952531,3885271,15679528,0.59,11,36,63,36.67,Low,Energy,16,"Optimize supply chain through Muqdisho to reduce delays.","The port of Muqdisho is located in Mogadishu, Banaadir. It plays a significant role in the region's trade."
ML,Boosaaso,BOO60,Boosaaso,Mali,11.28,49.18,"River Port",Active,Medium,24515351,4148348,15835455,0.57,87,67,33,62.33,Medium,Electronics,4,"Optimize supply chain through Boosaaso to reduce delays.","The port of Boosaaso is located in Boosaaso, Mali. It plays a significant role in the region's trade."
ML,Berbera,BER65,Berbera,"Woqooyi Galbeed",10.45,45.02,"Offshore Terminal",Active,High,33264959,215265,7532895,0.76,85,18,77,60,Medium,"Automotive, Agriculture, Electronics",10,"Optimize supply chain through Berbera to reduce delays.","The port of Berbera is located in Berbera, Woqooyi Galbeed. It plays a significant role in the region's trade."
ML,Kismaayo,KIS54,Kismaayo,Mali,-0.37,42.55,"Offshore Terminal",Active,High,25455754,9503966,2465678,0.74,5,35,36,25.33,Low,"Textiles, Automotive",13,"Optimize supply chain through Kismaayo to reduce delays.","The port of Kismaayo is located in Kismaayo, Mali. It plays a significant role in the region's trade."
ML,Marka,MAR20,Marka,Mali,1.72,44.78,Seaport,Active,Medium,25353933,5866378,18119822,0.7,62,53,58,57.67,Medium,"Automotive, Agriculture, Machinery",4,"Optimize supply chain through Marka to reduce delays.","The port of Marka is located in Marka, Mali. It plays a significant role in the region's trade."
MT,Marsaxlokk,MAR52,Marsaxlokk,Malta,35.82,14.55,"River Port",Active,Low,46831894,7331821,17370289,0.52,67,31,48,48.67,Medium,Agriculture,7,"Optimize supply chain through Marsaxlokk to reduce delays.","The port of Marsaxlokk is located in Marsaxlokk, Malta. It plays a significant role in the region's trade."
MT,"Valletta Harbors",VAL60,Valletta,Malta,35.9,14.52,"River Port",Active,High,14252138,5336008,18062141,0.93,22,58,80,53.33,Medium,Electronics,3,"Optimize supply chain through Valletta Harbors to reduce delays.","The port of Valletta Harbors is located in Valletta, Malta. It plays a significant role in the region's trade."
MH,Kwajalein,KWA21,Kwajalein,"Marshall Islands",8.72,167.73,"River Port",Active,Medium,43733667,4580626,3670797,0.51,88,29,31,49.33,Medium,Automotive,5,"Optimize supply chain through Kwajalein to reduce delays.","The port of Kwajalein is located in Kwajalein, Marshall Islands. It plays a significant role in the region's trade."
MH,"Enitwetak Island",ENI87,"Enitwetak Island","Marshall Islands",11.33,162.33,"Offshore Terminal",Active,Medium,31454884,330621,6164228,0.65,46,100,98,81.33,High,Textiles,20,"Optimize supply chain through Enitwetak Island to reduce delays.","The port of Enitwetak Island is located in Enitwetak Island, Marshall Islands. It plays a significant role in the region's trade."
MH,"Majuro Atoll",MAJ66,Majuro,"Marshall Islands",7.08,171.38,Seaport,Active,Low,33060314,2798700,10227275,0.77,43,36,47,42,Medium,"Chemicals, Agriculture",13,"Optimize supply chain through Majuro Atoll to reduce delays.","The port of Majuro Atoll is located in Majuro, Marshall Islands. It plays a significant role in the region's trade."
MQ,"Fort De France",FOR90,Fort-de-France,Martinique,14.6,-61.07,"Dry Port",Active,High,16505010,6453594,5895651,0.94,8,56,45,36.33,Low,Chemicals,14,"Optimize supply chain through Fort De France to reduce delays.","The port of Fort De France is located in Fort-de-France, Martinique. It plays a significant role in the region's trade."
MR,Nouakchott,NOU90,Nouakchott,Nouakchott,18.03,-16.03,"Dry Port",Active,Medium,35581511,7302748,11035623,0.84,65,33,85,61,Medium,"Agriculture, Electronics",19,"Optimize supply chain through Nouakchott to reduce delays.","The port of Nouakchott is located in Nouakchott, Nouakchott. It plays a significant role in the region's trade."
MR,Nouadhibou,NOU32,Nouadhibou,"Dakhlet Nouadhibou",20.92,-17.05,Seaport,Active,High,18350272,1753886,13300862,0.85,9,11,82,34,Low,"Machinery, Electronics",17,"Optimize supply chain through Nouadhibou to reduce delays.","The port of Nouadhibou is located in Nouadhibou, Dakhlet Nouadhibou. It plays a significant role in the region's trade."
MU,"Port Mathurin",POR36,"Port Mathurin",Mauritius,-19.68,63.42,"Offshore Terminal",Active,Low,37672945,711664,19194398,0.83,70,3,48,40.33,Medium,Textiles,6,"Optimize supply chain through Port Mathurin to reduce delays.","The port of Port Mathurin is located in Port Mathurin, Mauritius. It plays a significant role in the region's trade."
MU,"Port Louis",POR24,"Port Louis","Port Louis",-20.15,57.5,"River Port",Active,Medium,14300722,9626081,13021397,0.86,91,77,71,79.67,High,"Energy, Chemicals, Textiles",12,"Optimize supply chain through Port Louis to reduce delays.","The port of Port Louis is located in Port Louis, Port Louis. It plays a significant role in the region's trade."
MX,Tampico,TAM86,Tampico,Tamaulipas,22.22,-97.87,"River Port",Active,Low,12151236,6619970,1009885,0.76,62,19,26,35.67,Low,"Automotive, Energy",18,"Optimize supply chain through Tampico to reduce delays.","The port of Tampico is located in Tampico, Tamaulipas. It plays a significant role in the region's trade."
MX,"Ciudad Del Carmen",CIU78,"Ciudad del Carmen",Campeche,18.63,-91.87,"Offshore Terminal",Active,Medium,26867347,2121758,2100975,0.52,73,94,42,69.67,Medium,"Agriculture, Chemicals, Energy",3,"Optimize supply chain through Ciudad Del Carmen to reduce delays.","The port of Ciudad Del Carmen is located in Ciudad del Carmen, Campeche. It plays a significant role in the region's trade."
MX,Guaymas,GUA39,Guaymas,Sonora,27.92,-110.92,"Offshore Terminal",Active,Medium,5861257,7055290,10962672,0.81,16,24,11,17,Low,Machinery,5,"Optimize supply chain through Guaymas to reduce delays.","The port of Guaymas is located in Guaymas, Sonora. It plays a significant role in the region's trade."
MX,Mazatlan,MAZ37,Mazatlán,Sinaloa,23.2,-106.42,"River Port",Active,Low,4052113,2304852,7633241,0.57,23,54,83,53.33,Medium,Agriculture,3,"Optimize supply chain through Mazatlan to reduce delays.","The port of Mazatlan is located in Mazatlán, Sinaloa. It plays a significant role in the region's trade."
MX,"Puerto Vallarta",PUE13,"Puerto Vallarta",Mexico,20.62,-105.27,"River Port",Active,Medium,41105063,3673953,5484956,0.89,41,67,25,44.33,Medium,Agriculture,2,"Optimize supply chain through Puerto Vallarta to reduce delays.","The port of Puerto Vallarta is located in Puerto Vallarta, Mexico. It plays a significant role in the region's trade."
MX,Manzanillo,MAN68,Manzanillo,Colima,19.05,-104.32,Seaport,Active,High,32581739,9874101,11870632,0.95,90,78,49,72.33,Medium,Chemicals,7,"Optimize supply chain through Manzanillo to reduce delays.","The port of Manzanillo is located in Manzanillo, Colima. It plays a significant role in the region's trade."
MX,Nanchital,NAN55,Pajaritos,Veracruz,18.07,-94.42,"Dry Port",Active,Medium,23355090,4850719,1133261,0.55,32,23,63,39.33,Low,"Energy, Electronics, Textiles",3,"Optimize supply chain through Nanchital to reduce delays.","The port of Nanchital is located in Pajaritos, Veracruz. It plays a significant role in the region's trade."
FM,Colonia,COL45,Colonia,"Micronesia, Federated States of",9.52,138.13,Seaport,Active,Low,15746444,8275013,15513207,0.62,12,73,23,36,Low,Chemicals,17,"Optimize supply chain through Colonia to reduce delays.","The port of Colonia is located in Colonia, Micronesia, Federated States of. It plays a significant role in the region's trade."
FM,"Pohnpei Harbor",POH32,"Pohnpei Harbor","Micronesia, Federated States of",6.98,158.2,"River Port",Active,High,43352642,7865824,19999882,0.6,6,13,23,14,Low,Machinery,17,"Optimize supply chain through Pohnpei Harbor to reduce delays.","The port of Pohnpei Harbor is located in Pohnpei Harbor, Micronesia, Federated States of. It plays a significant role in the region's trade."
FM,Moen,MOE39,Moen,"Micronesia, Federated States of",7.43,151.83,"Dry Port",Active,High,18903754,951920,15452374,0.93,64,33,56,51,Medium,Agriculture,13,"Optimize supply chain through Moen to reduce delays.","The port of Moen is located in Moen, Micronesia, Federated States of. It plays a significant role in the region's trade."
FM,"Lele Harbor",LEL62,"Lele Harbor","Micronesia, Federated States of",5.33,163.03,Seaport,Active,High,15089701,5785532,12881813,0.86,46,33,100,59.67,Medium,Energy,20,"Optimize supply chain through Lele Harbor to reduce delays.","The port of Lele Harbor is located in Lele Harbor, Micronesia, Federated States of. It plays a significant role in the region's trade."
MC,Monaco,MON98,Monaco,Monaco,43.73,7.42,"Dry Port",Active,High,7483765,8917746,14509836,0.95,7,99,52,52.67,Medium,Energy,20,"Optimize supply chain through Monaco to reduce delays.","The port of Monaco is located in Monaco, Monaco. It plays a significant role in the region's trade."
ME,Kotor,KOT86,Kotor,Montenegro,42.42,18.77,"Offshore Terminal",Active,High,36256679,6602138,17109011,0.74,85,45,91,73.67,Medium,"Agriculture, Automotive",9,"Optimize supply chain through Kotor to reduce delays.","The port of Kotor is located in Kotor, Montenegro. It plays a significant role in the region's trade."
ME,Risan,RIS78,Risan,Montenegro,42.52,18.7,"Dry Port",Active,Medium,37592480,926185,16900377,0.65,18,92,94,68,Medium,"Agriculture, Electronics",9,"Optimize supply chain through Risan to reduce delays.","The port of Risan is located in Risan, Montenegro. It plays a significant role in the region's trade."
ME,Tivat,TIV50,Tivat,Montenegro,42.43,18.7,"River Port",Active,Low,37804236,3308304,723470,0.99,12,56,37,35,Low,Electronics,10,"Optimize supply chain through Tivat to reduce delays.","The port of Tivat is located in Tivat, Montenegro. It plays a significant role in the region's trade."
ME,Bar,BAR34,Bar,Montenegro,42.08,19.08,"Offshore Terminal",Active,Medium,11933896,3500245,10234471,0.98,95,4,6,35,Low,"Energy, Textiles, Automotive",17,"Optimize supply chain through Bar to reduce delays.","The port of Bar is located in Bar, Montenegro. It plays a significant role in the region's trade."
MA,"El Jorf Lasfar",ELJ19,"Jorf Lasfar","El Jadida Province",33.12,-8.62,Seaport,Active,High,30581900,2212517,4906367,0.51,55,41,31,42.33,Medium,Machinery,7,"Optimize supply chain through El Jorf Lasfar to reduce delays.","The port of El Jorf Lasfar is located in Jorf Lasfar, El Jadida Province. It plays a significant role in the region's trade."
MA,Agadir,AGA62,Agadir,Souss-Massa,30.43,-9.63,Seaport,Active,Low,43219227,6221936,9011769,0.96,82,69,25,58.67,Medium,Chemicals,10,"Optimize supply chain through Agadir to reduce delays.","The port of Agadir is located in Agadir, Souss-Massa. It plays a significant role in the region's trade."
MA,Tangier-mediterranean,TAN16,Gibraltar,Gibraltar,35.9,-5.52,"Dry Port",Active,Low,47973137,1252008,19264289,0.74,65,46,74,61.67,Medium,Electronics,13,"Optimize supply chain through Tangier-mediterranean to reduce delays.","The port of Tangier-mediterranean is located in Gibraltar, Gibraltar. It plays a significant role in the region's trade."
MA,Kenitra,KEN67,Kenitra,Morocco,34.3,-6.6,"Dry Port",Active,Medium,44696722,4606387,1719506,0.54,68,11,24,34.33,Low,"Automotive, Machinery",20,"Optimize supply chain through Kenitra to reduce delays.","The port of Kenitra is located in Kenitra, Morocco. It plays a significant role in the region's trade."
MA,Casablanca,CAS54,Casablanca,Casablanca-Settat,33.6,-7.62,"River Port",Active,Low,24331506,3908385,6891220,0.61,54,66,64,61.33,Medium,"Chemicals, Electronics",9,"Optimize supply chain through Casablanca to reduce delays.","The port of Casablanca is located in Casablanca, Casablanca-Settat. It plays a significant role in the region's trade."
MA,Tanger,TAN34,Tanger,"Tanger-Tetouan-Al Hoceima",35.78,-5.82,"River Port",Active,Low,48697873,1390253,5855851,0.62,19,44,44,35.67,Low,"Chemicals, Automotive",16,"Optimize supply chain through Tanger to reduce delays.","The port of Tanger is located in Tanger, Tanger-Tetouan-Al Hoceima. It plays a significant role in the region's trade."
MA,"Port Nador",POR20,Melilla,Melilla,35.28,-2.93,"Offshore Terminal",Active,Medium,26119552,8388961,3155601,0.66,49,47,13,36.33,Low,"Machinery, Agriculture, Electronics",16,"Optimize supply chain through Port Nador to reduce delays.","The port of Port Nador is located in Melilla, Melilla. It plays a significant role in the region's trade."
MA,"Port D Al Hoceima",POR59,"Port D Al Hoceima",Morocco,35.25,-3.92,"Dry Port",Active,High,14770129,3702028,4713564,0.95,17,79,33,43,Medium,"Machinery, Chemicals",2,"Optimize supply chain through Port D Al Hoceima to reduce delays.","The port of Port D Al Hoceima is located in Port D Al Hoceima, Morocco. It plays a significant role in the region's trade."
MA,"El Jadida",ELJ72,"El Jadida",Morocco,33.25,-8.5,"River Port",Active,Low,4861308,1716745,15478498,0.88,26,90,15,43.67,Medium,Textiles,18,"Optimize supply chain through El Jadida to reduce delays.","The port of El Jadida is located in El Jadida, Morocco. It plays a significant role in the region's trade."
MA,Safi,SAF70,Safi,Marrakesh-Safi,32.3,-9.25,Seaport,Active,Low,41916803,1802432,5823347,0.65,85,60,7,50.67,Medium,"Energy, Textiles",2,"Optimize supply chain through Safi to reduce delays.","The port of Safi is located in Safi, Marrakesh-Safi. It plays a significant role in the region's trade."
MA,Mohammedia,MOH88,Mohammedia,Casablanca-Settat,33.72,-7.4,"River Port",Active,High,7065330,7323662,4108130,0.61,49,70,4,41,Medium,Chemicals,14,"Optimize supply chain through Mohammedia to reduce delays.","The port of Mohammedia is located in Mohammedia, Casablanca-Settat. It plays a significant role in the region's trade."
MZ,Beira,BEI11,Beira,Sofala,-19.83,34.83,"River Port",Active,Medium,49995775,7264037,18616164,0.6,37,76,59,57.33,Medium,"Automotive, Energy",20,"Optimize supply chain through Beira to reduce delays.","The port of Beira is located in Beira, Sofala. It plays a significant role in the region's trade."
MZ,Mocambique,MOC80,Mocambique,Nampula,-15.03,40.73,"River Port",Active,Low,39054128,907157,11604142,0.91,52,36,39,42.33,Medium,Agriculture,8,"Optimize supply chain through Mocambique to reduce delays.","The port of Mocambique is located in Mocambique, Nampula. It plays a significant role in the region's trade."
MZ,Ibo,IBO37,Ibo,Mozambique,-12.33,40.62,"River Port",Active,High,40445203,3241844,12145762,0.94,17,67,35,39.67,Low,"Automotive, Agriculture, Textiles",11,"Optimize supply chain through Ibo to reduce delays.","The port of Ibo is located in Ibo, Mozambique. It plays a significant role in the region's trade."
MZ,Maputo,MAP12,Maputo,"Maputo Province.",-25.97,32.58,Seaport,Active,Medium,35508334,4156316,12811808,0.87,40,91,71,67.33,Medium,"Automotive, Chemicals",8,"Optimize supply chain through Maputo to reduce delays.","The port of Maputo is located in Maputo, Maputo Province.. It plays a significant role in the region's trade."
MZ,Chinde,CHI59,Chinde,Mozambique,-18.57,36.5,Seaport,Active,Medium,49730034,7604718,855815,0.98,22,94,32,49.33,Medium,"Energy, Chemicals",11,"Optimize supply chain through Chinde to reduce delays.","The port of Chinde is located in Chinde, Mozambique. It plays a significant role in the region's trade."
MM,Bassein,BAS95,Bassein,Myanmar,16.78,94.73,Seaport,Active,High,33735609,9235690,13491760,0.76,32,69,76,59,Medium,"Electronics, Energy, Automotive",7,"Optimize supply chain through Bassein to reduce delays.","The port of Bassein is located in Bassein, Myanmar. It plays a significant role in the region's trade."
MM,"Moulmein Harbor",MOU55,Mawlamyine,"Mon State",16.48,97.62,"Dry Port",Active,Low,43154200,7035650,1493259,0.74,5,55,48,36,Low,"Automotive, Textiles",13,"Optimize supply chain through Moulmein Harbor to reduce delays.","The port of Moulmein Harbor is located in Mawlamyine, Mon State. It plays a significant role in the region's trade."
MM,Rangoon,RAN51,Yangon,"Yangon Region",16.77,96.17,"River Port",Active,Medium,25641298,9964621,1026515,0.74,86,23,8,39,Low,"Electronics, Textiles",17,"Optimize supply chain through Rangoon to reduce delays.","The port of Rangoon is located in Yangon, Yangon Region. It plays a significant role in the region's trade."
MM,Sittwe,SIT45,Sittwe,Myanmar,20.13,92.9,"Dry Port",Active,Medium,15619137,1556682,4326569,0.54,26,90,5,40.33,Medium,"Chemicals, Machinery, Textiles",20,"Optimize supply chain through Sittwe to reduce delays.","The port of Sittwe is located in Sittwe, Myanmar. It plays a significant role in the region's trade."
MM,"Yetagun Marine Terminal",YET92,Thayetchaung,Tanintharyi,13.05,96.85,"River Port",Active,Low,39587870,5863477,18010813,0.77,44,17,20,27,Low,"Agriculture, Energy, Textiles",19,"Optimize supply chain through Yetagun Marine Terminal to reduce delays.","The port of Yetagun Marine Terminal is located in Thayetchaung, Tanintharyi. It plays a significant role in the region's trade."
MM,Mergui,MER63,Mergui,Myanmar,12.43,98.6,"River Port",Active,High,49204516,1821272,8891091,0.77,35,57,75,55.67,Medium,Energy,14,"Optimize supply chain through Mergui to reduce delays.","The port of Mergui is located in Mergui, Myanmar. It plays a significant role in the region's trade."
NA,"Walvis Bay",WAL27,"Walvis Bay",Erongo,-22.95,14.5,"River Port",Active,Medium,36309929,3282858,17281364,0.51,64,72,29,55,Medium,Textiles,10,"Optimize supply chain through Walvis Bay to reduce delays.","The port of Walvis Bay is located in Walvis Bay, Erongo. It plays a significant role in the region's trade."
NA,"Luderitz Bay",LUD24,"Luderitz Bay",Namibia,-26.65,15.15,"Offshore Terminal",Active,High,36219592,1209729,13912338,0.72,54,84,53,63.67,Medium,"Textiles, Chemicals",14,"Optimize supply chain through Luderitz Bay to reduce delays.","The port of Luderitz Bay is located in Luderitz Bay, Namibia. It plays a significant role in the region's trade."
NR,Nauru,NAU28,Nauru,Nauru,-0.53,166.92,"Offshore Terminal",Active,High,12563704,913275,12380243,0.76,15,5,45,21.67,Low,Agriculture,20,"Optimize supply chain through Nauru to reduce delays.","The port of Nauru is located in Nauru, Nauru. It plays a significant role in the region's trade."
NL,Harlingen,HAR16,Harlingen,Friesland,53.18,5.42,"Offshore Terminal",Active,Medium,18034560,9706978,15207394,0.68,73,47,50,56.67,Medium,"Chemicals, Textiles",16,"Optimize supply chain through Harlingen to reduce delays.","The port of Harlingen is located in Harlingen, Friesland. It plays a significant role in the region's trade."
NL,Zaandam,ZAA11,Zaandam,"Netherlands, Kingdom of the",52.43,4.83,"Dry Port",Active,High,42041590,395919,11218950,0.51,97,78,54,76.33,High,"Energy, Chemicals, Textiles",11,"Optimize supply chain through Zaandam to reduce delays.","The port of Zaandam is located in Zaandam, Netherlands, Kingdom of the. It plays a significant role in the region's trade."
NL,Amsterdam,AMS89,Amsterdam,Noord-Holland,52.37,4.9,"Dry Port",Active,Low,33713255,9126665,12855072,0.67,5,10,49,21.33,Low,"Agriculture, Electronics",2,"Optimize supply chain through Amsterdam to reduce delays.","The port of Amsterdam is located in Amsterdam, Noord-Holland. It plays a significant role in the region's trade."
NL,Vlaardingen,VLA59,Botlek,"South Holland",51.9,4.35,Seaport,Active,High,1900644,5183242,18886862,0.73,62,8,74,48,Medium,Automotive,19,"Optimize supply chain through Vlaardingen to reduce delays.","The port of Vlaardingen is located in Botlek, South Holland. It plays a significant role in the region's trade."
NL,Eemshaven,EEM43,Eemshaven,Groningen,53.45,6.83,"Offshore Terminal",Active,High,11061495,7370294,7078251,0.92,77,43,68,62.67,Medium,Automotive,19,"Optimize supply chain through Eemshaven to reduce delays.","The port of Eemshaven is located in Eemshaven, Groningen. It plays a significant role in the region's trade."
NL,Delfzijl,DEL51,Delfzijl,Groningen,53.33,6.93,"Offshore Terminal",Active,Low,26640925,4667572,810016,0.85,62,30,37,43,Medium,"Energy, Automotive",6,"Optimize supply chain through Delfzijl to reduce delays.","The port of Delfzijl is located in Delfzijl, Groningen. It plays a significant role in the region's trade."
NC,Noumea,NOU60,Noumea,"South Province",-22.28,166.43,"Offshore Terminal",Active,Low,26328697,8578634,16919392,0.62,89,64,67,73.33,Medium,"Agriculture, Energy, Machinery",4,"Optimize supply chain through Noumea to reduce delays.","The port of Noumea is located in Noumea, South Province. It plays a significant role in the region's trade."
NC,"Baie De Kouaoua",BAI30,"Baie De Kouaoua","New Caledonia",-21.38,165.82,"Dry Port",Active,Low,6249135,7178320,19527810,0.78,100,44,8,50.67,Medium,Machinery,15,"Optimize supply chain through Baie De Kouaoua to reduce delays.","The port of Baie De Kouaoua is located in Baie De Kouaoua, New Caledonia. It plays a significant role in the region's trade."
NC,"Baie Ugue",BAI12,"Baie Ugue","New Caledonia",-21.15,165.55,"River Port",Active,High,31760567,8531269,5154748,0.75,57,94,89,80,High,Energy,4,"Optimize supply chain through Baie Ugue to reduce delays.","The port of Baie Ugue is located in Baie Ugue, New Caledonia. It plays a significant role in the region's trade."
NZ,Westport,WES98,Westport,"New Zealand",-41.75,171.6,"Offshore Terminal",Active,Low,8361217,7681834,11350315,0.92,92,25,47,54.67,Medium,"Chemicals, Energy",2,"Optimize supply chain through Westport to reduce delays.","The port of Westport is located in Westport, New Zealand. It plays a significant role in the region's trade."
NZ,Greymouth,GRE45,Greymouth,"New Zealand",-42.43,171.22,"Offshore Terminal",Active,Medium,36840452,9804405,13408220,0.96,7,82,72,53.67,Medium,Agriculture,14,"Optimize supply chain through Greymouth to reduce delays.","The port of Greymouth is located in Greymouth, New Zealand. It plays a significant role in the region's trade."
NZ,Whangarei,WHA82,Whangarei,Northland,-35.8,174.43,"Offshore Terminal",Active,High,25127970,6030924,13466889,0.77,94,91,49,78,High,"Textiles, Agriculture",13,"Optimize supply chain through Whangarei to reduce delays.","The port of Whangarei is located in Whangarei, Northland. It plays a significant role in the region's trade."
NZ,Tauranga,TAU97,Tauranga,"Bay of Plenty",-37.63,176.17,"Dry Port",Active,Low,2634694,4225073,19628937,0.82,62,36,21,39.67,Low,"Energy, Chemicals",18,"Optimize supply chain through Tauranga to reduce delays.","The port of Tauranga is located in Tauranga, Bay of Plenty. It plays a significant role in the region's trade."
NZ,Collingwood,COL73,Collingwood,"New Zealand",-40.68,172.67,"River Port",Active,Medium,28172444,1829157,1056666,0.51,21,77,94,64,Medium,"Automotive, Chemicals, Textiles",8,"Optimize supply chain through Collingwood to reduce delays.","The port of Collingwood is located in Collingwood, New Zealand. It plays a significant role in the region's trade."
NZ,Whangaroa,WHA92,Whangaroa,"New Zealand",-35.05,173.77,"River Port",Active,Medium,19988832,5633647,15555501,0.9,84,35,37,52,Medium,"Textiles, Agriculture",4,"Optimize supply chain through Whangaroa to reduce delays.","The port of Whangaroa is located in Whangaroa, New Zealand. It plays a significant role in the region's trade."
NZ,Auckland,AUC27,Auckland,Auckland,-36.85,174.77,"River Port",Active,High,44338082,3999646,3624382,0.94,69,49,68,62,Medium,Machinery,3,"Optimize supply chain through Auckland to reduce delays.","The port of Auckland is located in Auckland, Auckland. It plays a significant role in the region's trade."
NZ,Nelson,NEL68,Nelson,Nelson,-41.27,173.27,"River Port",Active,High,28402237,9800887,11537980,1,96,17,30,47.67,Medium,"Textiles, Energy",2,"Optimize supply chain through Nelson to reduce delays.","The port of Nelson is located in Nelson, Nelson. It plays a significant role in the region's trade."
NZ,Gisborne,GIS40,Gisborne,Gisborne,-38.67,178.03,"Offshore Terminal",Active,Medium,44055213,7640456,13717525,0.64,38,23,92,51,Medium,"Agriculture, Textiles",3,"Optimize supply chain through Gisborne to reduce delays.","The port of Gisborne is located in Gisborne, Gisborne. It plays a significant role in the region's trade."
NI,"Puerto Cabezas",PUE96,"Puerto Cabezas",Nicaragua,14.02,-83.38,"Dry Port",Active,High,5357706,8889974,11756449,0.81,18,70,79,55.67,Medium,"Machinery, Energy",12,"Optimize supply chain through Puerto Cabezas to reduce delays.","The port of Puerto Cabezas is located in Puerto Cabezas, Nicaragua. It plays a significant role in the region's trade."
NI,Corinto,COR21,Corinto,Chinandega,12.48,-87.17,"Dry Port",Active,Low,41208190,7426020,1496888,0.75,30,66,50,48.67,Medium,Machinery,14,"Optimize supply chain through Corinto to reduce delays.","The port of Corinto is located in Corinto, Chinandega. It plays a significant role in the region's trade."
NI,"El Bluff",ELB93,"El Bluff",Nicaragua,12,-83.7,"Dry Port",Active,High,28450842,4627748,807434,0.53,20,70,41,43.67,Medium,"Energy, Chemicals",20,"Optimize supply chain through El Bluff to reduce delays.","The port of El Bluff is located in El Bluff, Nicaragua. It plays a significant role in the region's trade."
NI,Bluefields,BLU49,Bluefields,Nicaragua,12.02,-83.75,"River Port",Active,Low,27974210,3350111,5003125,1,37,45,75,52.33,Medium,Energy,6,"Optimize supply chain through Bluefields to reduce delays.","The port of Bluefields is located in Bluefields, Nicaragua. It plays a significant role in the region's trade."
NI,"Puerto Sandino",PUE11,"Puerto Sandino",León,12.18,-86.77,"Dry Port",Active,Low,16318915,3773457,2355899,0.53,79,4,50,44.33,Medium,"Chemicals, Textiles",15,"Optimize supply chain through Puerto Sandino to reduce delays.","The port of Puerto Sandino is located in Puerto Sandino, León. It plays a significant role in the region's trade."
NE,Koko,KOK39,Koko,Kebbi,6,5.47,Seaport,Active,High,16839193,9792201,4365377,0.61,68,68,27,54.33,Medium,Textiles,16,"Optimize supply chain through Koko to reduce delays.","The port of Koko is located in Koko, Kebbi. It plays a significant role in the region's trade."
NE,Warri,WAR88,Warri,"Delta State",5.52,5.73,"Dry Port",Active,Medium,23192079,7990841,1738699,0.67,5,41,84,43.33,Medium,"Machinery, Agriculture, Energy",12,"Optimize supply chain through Warri to reduce delays.","The port of Warri is located in Warri, Delta State. It plays a significant role in the region's trade."
NE,Okrika,OKR63,Okrika,Niger,4.72,7.08,"River Port",Active,Low,14225751,3085002,7372956,0.57,48,91,14,51,Medium,"Electronics, Chemicals",19,"Optimize supply chain through Okrika to reduce delays.","The port of Okrika is located in Okrika, Niger. It plays a significant role in the region's trade."
NE,Onne,ONN89,Onne,Rivers,4.68,7.15,Seaport,Active,Medium,29254910,8316922,10694602,0.5,67,32,56,51.67,Medium,Textiles,17,"Optimize supply chain through Onne to reduce delays.","The port of Onne is located in Onne, Rivers. It plays a significant role in the region's trade."
NE,"Forcados Oil Terminal",FOR22,"Forcados Oil Terminal",Niger,5.17,5.18,Seaport,Active,Low,28039165,3374208,17873442,0.87,62,79,31,57.33,Medium,"Agriculture, Machinery",18,"Optimize supply chain through Forcados Oil Terminal to reduce delays.","The port of Forcados Oil Terminal is located in Forcados Oil Terminal, Niger. It plays a significant role in the region's trade."
NE,"Agbami Oil Terminal",AGB90,"Agbami Terminal","Lagos State",3.47,5.57,"Offshore Terminal",Active,Low,39233493,7801471,2514454,1,23,39,43,35,Low,Electronics,2,"Optimize supply chain through Agbami Oil Terminal to reduce delays.","The port of Agbami Oil Terminal is located in Agbami Terminal, Lagos State. It plays a significant role in the region's trade."
NE,Burutu,BUR23,Burutu,Niger,5.35,5.5,"River Port",Active,High,28042542,1008371,10569950,0.92,74,78,8,53.33,Medium,Chemicals,13,"Optimize supply chain through Burutu to reduce delays.","The port of Burutu is located in Burutu, Niger. It plays a significant role in the region's trade."
NG,Sapele,SAP18,Sapele,Delta,5.9,5.68,"Offshore Terminal",Active,High,27095303,7058442,18005918,0.73,61,82,65,69.33,Medium,"Energy, Chemicals",4,"Optimize supply chain through Sapele to reduce delays.","The port of Sapele is located in Sapele, Delta. It plays a significant role in the region's trade."
NG,"Port Harcourt",POR33,"Port Harcourt","Rivers State",4.77,7,"Dry Port",Active,Medium,18814433,3978560,3422750,0.68,49,52,62,54.33,Medium,"Energy, Agriculture",6,"Optimize supply chain through Port Harcourt to reduce delays.","The port of Port Harcourt is located in Port Harcourt, Rivers State. It plays a significant role in the region's trade."
NG,"Tin Can Island",TIN46,"Tin Can Island",Nigeria,6.35,3.35,Seaport,Active,Low,41543120,9653766,7212227,0.87,57,81,31,56.33,Medium,"Energy, Agriculture",18,"Optimize supply chain through Tin Can Island to reduce delays.","The port of Tin Can Island is located in Tin Can Island, Nigeria. It plays a significant role in the region's trade."
NG,"Antan Oil Terminal",ANT74,Kano,"Kano State",4.22,8.33,"Offshore Terminal",Active,High,43282216,2726178,1243380,0.91,69,99,75,81,High,"Electronics, Textiles",15,"Optimize supply chain through Antan Oil Terminal to reduce delays.","The port of Antan Oil Terminal is located in Kano, Kano State. It plays a significant role in the region's trade."
NG,"Bonny Offshore Terminal",BON47,"Bonny Offshore Terminal",Nigeria,4.18,7.23,"River Port",Active,High,47660451,7279378,2721592,0.54,68,8,70,48.67,Medium,Electronics,20,"Optimize supply chain through Bonny Offshore Terminal to reduce delays.","The port of Bonny Offshore Terminal is located in Bonny Offshore Terminal, Nigeria. It plays a significant role in the region's trade."
NG,"Pennington Oil Terminal",PEN74,Pennington,Bayelsa,4.25,5.62,"River Port",Active,High,21499675,1846387,10613615,0.55,63,59,27,49.67,Medium,"Agriculture, Machinery, Automotive",3,"Optimize supply chain through Pennington Oil Terminal to reduce delays.","The port of Pennington Oil Terminal is located in Pennington, Bayelsa. It plays a significant role in the region's trade."
NG,Warri,WAR35,Warri,"Delta State",5.52,5.73,"Offshore Terminal",Active,Medium,16232411,9882680,19894717,0.71,70,77,18,55,Medium,Energy,4,"Optimize supply chain through Warri to reduce delays.","The port of Warri is located in Warri, Delta State. It plays a significant role in the region's trade."
NG,"Escravos Oil Terminal",ESC95,Escravos,"Delta State",5.5,5,Seaport,Active,Medium,23346394,5332043,9557852,0.79,38,85,96,73,Medium,Electronics,14,"Optimize supply chain through Escravos Oil Terminal to reduce delays.","The port of Escravos Oil Terminal is located in Escravos, Delta State. It plays a significant role in the region's trade."
NG,"Okwori Terminal",OKW46,"Okwori Terminal","Akwa Ibom",3.85,6.98,Seaport,Active,Low,36920439,2656577,10459325,0.69,62,34,40,45.33,Medium,"Energy, Chemicals",19,"Optimize supply chain through Okwori Terminal to reduce delays.","The port of Okwori Terminal is located in Okwori Terminal, Akwa Ibom. It plays a significant role in the region's trade."
NG,"Agbami Oil Terminal",AGB84,"Agbami Terminal","Lagos State",3.47,5.57,"Offshore Terminal",Active,High,31019430,7350632,5904662,0.88,10,33,2,15,Low,Chemicals,4,"Optimize supply chain through Agbami Oil Terminal to reduce delays.","The port of Agbami Oil Terminal is located in Agbami Terminal, Lagos State. It plays a significant role in the region's trade."
NU,Alofi,ALO86,Alofi,Niue,-19.03,-169.93,"River Port",Active,Medium,21964600,4088910,8012408,0.61,11,86,100,65.67,Medium,Machinery,18,"Optimize supply chain through Alofi to reduce delays.","The port of Alofi is located in Alofi, Niue. It plays a significant role in the region's trade."
NF,Kingston,KIN14,Kingston,"Norfolk Island",-29.07,167.95,"Dry Port",Active,Low,42822829,476145,2515608,0.81,78,64,5,49,Medium,Machinery,11,"Optimize supply chain through Kingston to reduce delays.","The port of Kingston is located in Kingston, Norfolk Island. It plays a significant role in the region's trade."
MP,Tinian,TIN94,Tinian,"Northern Mariana Islands",14.97,145.62,"River Port",Active,High,27695304,4840527,6123329,0.55,78,30,86,64.67,Medium,"Automotive, Chemicals, Machinery",9,"Optimize supply chain through Tinian to reduce delays.","The port of Tinian is located in Tinian, Northern Mariana Islands. It plays a significant role in the region's trade."
MP,Saipan,SAI78,Saipan,"Northern Mariana Islands",15.2,145.68,"Dry Port",Active,Medium,12140394,6424037,4627774,0.7,27,50,11,29.33,Low,"Machinery, Energy",19,"Optimize supply chain through Saipan to reduce delays.","The port of Saipan is located in Saipan, Northern Mariana Islands. It plays a significant role in the region's trade."
MP,Rota,ROT27,Rota,"Northern Mariana Islands",14.13,145.15,"Offshore Terminal",Active,High,15604579,8280249,10179175,0.54,91,40,33,54.67,Medium,"Energy, Agriculture",15,"Optimize supply chain through Rota to reduce delays.","The port of Rota is located in Rota, Northern Mariana Islands. It plays a significant role in the region's trade."
NO,Salsbruket,SAL33,Salsbruket,Norway,64.8,11.87,"Dry Port",Active,High,7809795,2793700,14961567,0.78,2,66,13,27,Low,"Chemicals, Textiles",8,"Optimize supply chain through Salsbruket to reduce delays.","The port of Salsbruket is located in Salsbruket, Norway. It plays a significant role in the region's trade."
NO,Narvik,NAR13,Narvik,Nordland,68.43,17.42,"River Port",Active,Medium,44174628,7279601,6892786,0.54,89,62,4,51.67,Medium,"Chemicals, Agriculture, Electronics",5,"Optimize supply chain through Narvik to reduce delays.","The port of Narvik is located in Narvik, Nordland. It plays a significant role in the region's trade."
NO,Bergen,BER78,Bergen,Vestland,60.4,5.32,"River Port",Active,Medium,48985492,6467137,17497570,0.81,17,33,53,34.33,Low,"Energy, Electronics, Chemicals",20,"Optimize supply chain through Bergen to reduce delays.","The port of Bergen is located in Bergen, Vestland. It plays a significant role in the region's trade."
NO,Tofte,TOF46,Tofte,Norway,59.55,10.57,Seaport,Active,High,3628321,2239534,8223812,0.67,29,51,80,53.33,Medium,Chemicals,20,"Optimize supply chain through Tofte to reduce delays.","The port of Tofte is located in Tofte, Norway. It plays a significant role in the region's trade."
NO,Rognan,ROG14,Rognan,Norway,67.1,15.42,"River Port",Active,High,9207078,3898163,5254550,0.81,23,59,41,41,Medium,"Chemicals, Energy, Machinery",16,"Optimize supply chain through Rognan to reduce delays.","The port of Rognan is located in Rognan, Norway. It plays a significant role in the region's trade."
NO,Leirvik,LEI70,Leirvik,Norway,59.78,5.5,"Dry Port",Active,Medium,22511507,5019980,2384817,0.52,85,93,91,89.67,High,"Energy, Textiles",9,"Optimize supply chain through Leirvik to reduce delays.","The port of Leirvik is located in Leirvik, Norway. It plays a significant role in the region's trade."
NO,Vaksdal,VAK68,Vaksdal,Norway,60.48,5.73,"Dry Port",Active,Medium,39146457,8657495,11263160,0.86,92,69,26,62.33,Medium,"Textiles, Machinery, Chemicals",20,"Optimize supply chain through Vaksdal to reduce delays.","The port of Vaksdal is located in Vaksdal, Norway. It plays a significant role in the region's trade."
NO,Sagvag,SAG76,Sagvag,Norway,59.77,5.38,"Offshore Terminal",Active,High,36680663,1459318,4294238,0.83,4,3,63,23.33,Low,Chemicals,16,"Optimize supply chain through Sagvag to reduce delays.","The port of Sagvag is located in Sagvag, Norway. It plays a significant role in the region's trade."
NO,Flekkefjorden,FLE18,Flekkefjorden,Norway,58.3,6.67,Seaport,Active,Low,28066078,1767798,12609193,0.69,37,75,33,48.33,Medium,Machinery,3,"Optimize supply chain through Flekkefjorden to reduce delays.","The port of Flekkefjorden is located in Flekkefjorden, Norway. It plays a significant role in the region's trade."
NO,Ulvik,ULV75,Narvik,"Troms og Finnmark",68.57,16.27,"Offshore Terminal",Active,Medium,33757615,933444,7776454,0.55,67,70,85,74,Medium,Chemicals,7,"Optimize supply chain through Ulvik to reduce delays.","The port of Ulvik is located in Narvik, Troms og Finnmark. It plays a significant role in the region's trade."
NO,Honningsvag,HON12,Honningsvaag,Finnmark,70.98,26,Seaport,Active,High,45162339,7680155,4350641,0.71,64,8,50,40.67,Medium,Energy,3,"Optimize supply chain through Honningsvag to reduce delays.","The port of Honningsvag is located in Honningsvaag, Finnmark. It plays a significant role in the region's trade."
NO,Sarpsborg,SAR85,Sarpsborg,Norway,59.27,11.1,"Offshore Terminal",Active,High,27737667,4538769,8425793,0.58,71,20,95,62,Medium,Automotive,12,"Optimize supply chain through Sarpsborg to reduce delays.","The port of Sarpsborg is located in Sarpsborg, Norway. It plays a significant role in the region's trade."
OM,"Mina Raysut",MIN23,"Mina Raysut",Dhofar,16.93,54.02,"Dry Port",Active,Medium,27940206,3070360,1960299,0.67,76,31,27,44.67,Medium,"Textiles, Chemicals",5,"Optimize supply chain through Mina Raysut to reduce delays.","The port of Mina Raysut is located in Mina Raysut, Dhofar. It plays a significant role in the region's trade."
OM,"Mina Al Fahl",MIN17,Muscat,"Muscat Governorate",23.63,58.52,Seaport,Active,Low,2743971,2365050,2126784,0.73,44,90,48,60.67,Medium,"Chemicals, Agriculture",3,"Optimize supply chain through Mina Al Fahl to reduce delays.","The port of Mina Al Fahl is located in Muscat, Muscat Governorate. It plays a significant role in the region's trade."
OM,"Qalhat Lng Terminal",QAL68,Qalhat,"Ash Sharqiyah South",22.68,59.4,"Dry Port",Active,Low,25253032,7195728,6076305,0.87,33,72,69,58,Medium,Chemicals,3,"Optimize supply chain through Qalhat Lng Terminal to reduce delays.","The port of Qalhat Lng Terminal is located in Qalhat, Ash Sharqiyah South. It plays a significant role in the region's trade."
OM,"Khawr Khasab",KHA90,"Khawr Khasab",Oman,26.22,56.23,"River Port",Active,Low,31893927,4211052,13956430,0.97,41,60,8,36.33,Low,Chemicals,10,"Optimize supply chain through Khawr Khasab to reduce delays.","The port of Khawr Khasab is located in Khawr Khasab, Oman. It plays a significant role in the region's trade."
OM,"Port Of Sohar",POR70,"Port Sohar","Al Batinah North.",24.52,56.63,"River Port",Active,High,44551603,2827981,7838501,0.55,24,70,26,40,Low,"Agriculture, Chemicals",12,"Optimize supply chain through Port Of Sohar to reduce delays.","The port of Port Of Sohar is located in Port Sohar, Al Batinah North.. It plays a significant role in the region's trade."
OM,"Mina Qabus",MIN54,Muscat,Muscat,23.63,58.58,"Offshore Terminal",Active,High,40600730,5050520,6069895,0.97,65,4,46,38.33,Low,Machinery,8,"Optimize supply chain through Mina Qabus to reduce delays.","The port of Mina Qabus is located in Muscat, Muscat. It plays a significant role in the region's trade."
PK,Gwadar,GWA17,Gwadar,Pakistan,25.13,62.3,"Dry Port",Active,Medium,3302926,2291181,646257,0.59,29,71,40,46.67,Medium,"Electronics, Chemicals",4,"Optimize supply chain through Gwadar to reduce delays.","The port of Gwadar is located in Gwadar, Pakistan. It plays a significant role in the region's trade."
PK,"Muhamamad Bin Qasim",MUH64,"Port Qasim",Sindh,24.77,67.35,"Offshore Terminal",Active,High,34305587,3065745,3161737,0.53,84,26,16,42,Medium,Chemicals,11,"Optimize supply chain through Muhamamad Bin Qasim to reduce delays.","The port of Muhamamad Bin Qasim is located in Port Qasim, Sindh. It plays a significant role in the region's trade."
PK,Karachi,KAR34,Karachi,Sindh,24.78,66.98,"Dry Port",Active,Low,47111021,7792668,14456778,0.88,40,53,14,35.67,Low,Electronics,5,"Optimize supply chain through Karachi to reduce delays.","The port of Karachi is located in Karachi, Sindh. It plays a significant role in the region's trade."
PW,"Malakal Harbor",MAL43,"Malakal Harbor",Palau,7.33,134.45,Seaport,Active,Medium,35347010,1668587,14325317,0.58,62,65,9,45.33,Medium,"Textiles, Electronics",9,"Optimize supply chain through Malakal Harbor to reduce delays.","The port of Malakal Harbor is located in Malakal Harbor, Palau. It plays a significant role in the region's trade."
PA,"Bahia De Las Minas",BAH64,"Bahía Las Minas",Colón,9.4,-79.82,Seaport,Active,High,4666497,5625054,16045096,0.51,21,85,94,66.67,Medium,Agriculture,15,"Optimize supply chain through Bahia De Las Minas to reduce delays.","The port of Bahia De Las Minas is located in Bahía Las Minas, Colón. It plays a significant role in the region's trade."
PA,"Bocas Del Toro",BOC25,"Bocas Del Toro",Panama,9.33,-82.23,Seaport,Active,Medium,2862490,3663062,2071753,0.52,64,3,67,44.67,Medium,"Machinery, Textiles, Chemicals",7,"Optimize supply chain through Bocas Del Toro to reduce delays.","The port of Bocas Del Toro is located in Bocas Del Toro, Panama. It plays a significant role in the region's trade."
PA,Balboa,BAL10,Balboa,Panamá,8.95,-79.57,"River Port",Active,Medium,23803719,4140310,19796824,0.9,28,50,84,54,Medium,"Automotive, Energy",5,"Optimize supply chain through Balboa to reduce delays.","The port of Balboa is located in Balboa, Panamá. It plays a significant role in the region's trade."
PA,"Charco Azul",CHA99,"Charco Azul","Panama Province",8.22,-82.87,Seaport,Active,High,39184359,9269427,7813722,0.59,18,7,25,16.67,Low,Automotive,12,"Optimize supply chain through Charco Azul to reduce delays.","The port of Charco Azul is located in Charco Azul, Panama Province. It plays a significant role in the region's trade."
PA,"Puerto Colon",PUE10,"Coco Solo",Colón,9.37,-79.88,Seaport,Active,Low,33081863,6113732,2010408,0.53,76,26,35,45.67,Medium,"Chemicals, Textiles",5,"Optimize supply chain through Puerto Colon to reduce delays.","The port of Puerto Colon is located in Coco Solo, Colón. It plays a significant role in the region's trade."
PG,"Port Moresby",POR47,"Port Moresby","Central Province",-9.47,147.13,"River Port",Active,High,1947443,6442158,6328532,0.92,53,31,3,29,Low,"Textiles, Agriculture",13,"Optimize supply chain through Port Moresby to reduce delays.","The port of Port Moresby is located in Port Moresby, Central Province. It plays a significant role in the region's trade."
PG,Lae,LAE42,Lae,Morobe,-6.73,147,"River Port",Active,Low,34090192,4971669,4993787,0.81,96,92,63,83.67,High,"Textiles, Agriculture",14,"Optimize supply chain through Lae to reduce delays.","The port of Lae is located in Lae, Morobe. It plays a significant role in the region's trade."
PG,"Longan Island",LON97,"Longan Island","Papua New Guinea",-1.22,144.3,"Offshore Terminal",Active,High,47198130,1971748,10929963,0.65,63,3,53,39.67,Low,"Machinery, Chemicals",13,"Optimize supply chain through Longan Island to reduce delays.","The port of Longan Island is located in Longan Island, Papua New Guinea. It plays a significant role in the region's trade."
PG,Lorengau,LOR79,Lorengau,"Manus Province",-2.02,147.27,Seaport,Active,High,20753315,2205644,15657095,0.69,61,23,68,50.67,Medium,Agriculture,14,"Optimize supply chain through Lorengau to reduce delays.","The port of Lorengau is located in Lorengau, Manus Province. It plays a significant role in the region's trade."
PG,"Discovery Bay",DIS44,"Discovery Bay","Papua New Guinea",-10.42,150.42,Seaport,Active,High,38178584,7084682,11636491,0.52,36,29,35,33.33,Low,Electronics,12,"Optimize supply chain through Discovery Bay to reduce delays.","The port of Discovery Bay is located in Discovery Bay, Papua New Guinea. It plays a significant role in the region's trade."
PG,Kokopo,KOK30,Kokopo,"Papua New Guinea",-4.33,152.27,"Offshore Terminal",Active,High,34202665,5219161,16021812,0.51,98,92,50,80,High,Textiles,3,"Optimize supply chain through Kokopo to reduce delays.","The port of Kokopo is located in Kokopo, Papua New Guinea. It plays a significant role in the region's trade."
PG,Samarai,SAM39,Samarai,"Papua New Guinea",-10.62,150.67,"River Port",Active,Medium,41521040,3481379,15858613,1,86,32,50,56,Medium,Chemicals,13,"Optimize supply chain through Samarai to reduce delays.","The port of Samarai is located in Samarai, Papua New Guinea. It plays a significant role in the region's trade."
PG,Daru,DAR53,Daru,"Papua New Guinea",-9.07,143.2,"Offshore Terminal",Active,Low,2985308,3873388,10907796,0.99,50,20,32,34,Low,"Chemicals, Electronics",9,"Optimize supply chain through Daru to reduce delays.","The port of Daru is located in Daru, Papua New Guinea. It plays a significant role in the region's trade."
PG,"Suloga Harbor",SUL29,"Suloga Harbor","Papua New Guinea",-9.22,152.77,"Dry Port",Active,High,22866180,8395828,7493336,0.91,67,82,10,53,Medium,"Chemicals, Energy",20,"Optimize supply chain through Suloga Harbor to reduce delays.","The port of Suloga Harbor is located in Suloga Harbor, Papua New Guinea. It plays a significant role in the region's trade."
PY,"Puerto De Asuncion",PUE13,"Puerto De Asuncion",Paraguay,-25.27,-57.68,Seaport,Active,Medium,37028401,1398596,19783859,0.89,28,83,51,54,Medium,Machinery,4,"Optimize supply chain through Puerto De Asuncion to reduce delays.","The port of Puerto De Asuncion is located in Puerto De Asuncion, Paraguay. It plays a significant role in the region's trade."
PE,"Bahia De Matarani",BAH50,"Bahia De Matarani",Peru,-17,-72.12,"River Port",Active,Medium,33080486,3296616,16707793,0.5,6,90,80,58.67,Medium,"Electronics, Chemicals",7,"Optimize supply chain through Bahia De Matarani to reduce delays.","The port of Bahia De Matarani is located in Bahia De Matarani, Peru. It plays a significant role in the region's trade."
PE,Iquitos,IQU51,Iquitos,Peru,-3.75,-73.23,"Dry Port",Active,Medium,14722301,750956,1947121,0.87,84,61,99,81.33,High,Electronics,10,"Optimize supply chain through Iquitos to reduce delays.","The port of Iquitos is located in Iquitos, Peru. It plays a significant role in the region's trade."
PE,Salaverry,SAL67,Salaverry,"La Libertad",-8.23,-78.98,Seaport,Active,Medium,20223491,8528341,16546757,0.85,45,39,51,45,Medium,"Energy, Agriculture, Machinery",14,"Optimize supply chain through Salaverry to reduce delays.","The port of Salaverry is located in Salaverry, La Libertad. It plays a significant role in the region's trade."
PE,"La Pampilla Oil Terminal",LAP90,"La Pampilla",Lima,-11.93,-77.13,"Offshore Terminal",Active,Medium,34667098,6945222,4561146,0.96,78,33,2,37.67,Low,"Automotive, Machinery, Energy",2,"Optimize supply chain through La Pampilla Oil Terminal to reduce delays.","The port of La Pampilla Oil Terminal is located in La Pampilla, Lima. It plays a significant role in the region's trade."
PE,"Puerto Cabo Blanco",PUE79,"Puerto Cabo Blanco",Peru,-4.25,-81.23,"Dry Port",Active,Low,17320081,3460261,3117195,0.77,97,86,25,69.33,Medium,Energy,18,"Optimize supply chain through Puerto Cabo Blanco to reduce delays.","The port of Puerto Cabo Blanco is located in Puerto Cabo Blanco, Peru. It plays a significant role in the region's trade."
PE,"Puerto De Chimbote",PUE45,Chimbote,Ancash,-9.08,-78.62,"Offshore Terminal",Active,Low,4831448,8871440,2156180,0.59,12,45,68,41.67,Medium,"Machinery, Automotive, Energy",13,"Optimize supply chain through Puerto De Chimbote to reduce delays.","The port of Puerto De Chimbote is located in Chimbote, Ancash. It plays a significant role in the region's trade."
PE,Chancay,CHA85,Chancay,Peru,-11.58,-77.25,"Offshore Terminal",Active,High,15728046,7389787,4828306,0.62,95,55,30,60,Medium,"Electronics, Agriculture",14,"Optimize supply chain through Chancay to reduce delays.","The port of Chancay is located in Chancay, Peru. It plays a significant role in the region's trade."
PE,"Punta Lobitos (bahia De Huarmey)",PUN73,Talara,Piura,-10.1,-78.17,"Dry Port",Active,High,25191053,1365281,18593605,0.71,73,46,60,59.67,Medium,Machinery,20,"Optimize supply chain through Punta Lobitos (bahia De Huarmey) to reduce delays.","The port of Punta Lobitos (bahia De Huarmey) is located in Talara, Piura. It plays a significant role in the region's trade."
PH,"General Santos",GEN71,"General Santos",Philippines,6.12,125.18,"Offshore Terminal",Active,Low,17430760,4850566,6107034,0.51,81,78,24,61,Medium,"Electronics, Agriculture, Chemicals",15,"Optimize supply chain through General Santos to reduce delays.","The port of General Santos is located in General Santos, Philippines. It plays a significant role in the region's trade."
PH,Gingoog,GIN72,Gingoog,Philippines,8.83,125.1,"Offshore Terminal",Active,High,26639867,4381142,1898733,0.88,99,29,52,60,Medium,"Electronics, Energy",9,"Optimize supply chain through Gingoog to reduce delays.","The port of Gingoog is located in Gingoog, Philippines. It plays a significant role in the region's trade."
PH,Laoang,LAO33,Laoang,Philippines,12.57,125.02,"River Port",Active,High,45991499,3996158,18234777,0.59,53,66,32,50.33,Medium,"Automotive, Textiles",6,"Optimize supply chain through Laoang to reduce delays.","The port of Laoang is located in Laoang, Philippines. It plays a significant role in the region's trade."
PH,"Legazpi Port",LEG47,"Legazpi Port",Philippines,13.15,123.75,"River Port",Active,Medium,33805855,3285190,1209301,0.65,35,23,41,33,Low,Automotive,7,"Optimize supply chain through Legazpi Port to reduce delays.","The port of Legazpi Port is located in Legazpi Port, Philippines. It plays a significant role in the region's trade."
PH,Guiuan,GUI19,Guiuan,Philippines,11.03,125.72,"River Port",Active,High,30460434,291060,14044769,0.86,42,11,36,29.67,Low,Textiles,2,"Optimize supply chain through Guiuan to reduce delays.","The port of Guiuan is located in Guiuan, Philippines. It plays a significant role in the region's trade."
PL,Police,POL35,Police,"West Pomeranian Voivodeship",53.57,14.57,Seaport,Active,High,20977128,4562830,10487202,0.9,97,94,64,85,High,"Chemicals, Automotive, Energy",20,"Optimize supply chain through Police to reduce delays.","The port of Police is located in Police, West Pomeranian Voivodeship. It plays a significant role in the region's trade."
PL,Kolobrzeg,KOL94,Kolobrzeg,Poland,54.22,15.55,"Offshore Terminal",Active,Low,35398289,8885075,8719081,0.99,80,21,43,48,Medium,Textiles,12,"Optimize supply chain through Kolobrzeg to reduce delays.","The port of Kolobrzeg is located in Kolobrzeg, Poland. It plays a significant role in the region's trade."
PL,Swinoujscie,SWI77,Świnoujście,"West Pomeranian Voivodeship",53.92,14.27,"Dry Port",Active,Medium,45652145,5291226,6452385,0.68,94,78,8,60,Medium,"Agriculture, Machinery, Electronics",3,"Optimize supply chain through Swinoujscie to reduce delays.","The port of Swinoujscie is located in Świnoujście, West Pomeranian Voivodeship. It plays a significant role in the region's trade."
PL,"Nowy Port",NOW48,"Nowy Port",Poland,54.42,18.67,"Offshore Terminal",Active,Medium,41647085,6880871,9323908,0.85,21,25,93,46.33,Medium,Textiles,7,"Optimize supply chain through Nowy Port to reduce delays.","The port of Nowy Port is located in Nowy Port, Poland. It plays a significant role in the region's trade."
PL,Gdansk,GDA54,Gdansk,Pomerania,54.35,18.67,Seaport,Active,High,30872781,7912131,10895147,0.52,33,31,73,45.67,Medium,"Electronics, Chemicals",13,"Optimize supply chain through Gdansk to reduce delays.","The port of Gdansk is located in Gdansk, Pomerania. It plays a significant role in the region's trade."
PL,Szczecin,SZC32,Szczecin,"West Pomeranian Voivodeship",53.42,14.55,Seaport,Active,Low,48833165,5763136,3662305,0.5,17,66,41,41.33,Medium,"Electronics, Textiles",14,"Optimize supply chain through Szczecin to reduce delays.","The port of Szczecin is located in Szczecin, West Pomeranian Voivodeship. It plays a significant role in the region's trade."
PT,"Ponta Delgada",PON45,"Ponta Delgada",Azores,37.73,-25.67,Seaport,Active,High,7701001,4190193,1514579,0.9,93,1,75,56.33,Medium,"Agriculture, Automotive, Chemicals",9,"Optimize supply chain through Ponta Delgada to reduce delays.","The port of Ponta Delgada is located in Ponta Delgada, Azores. It plays a significant role in the region's trade."
PT,"Figueira Da Foz",FIG13,"Figueira Da Foz",Portugal,40.15,-8.85,"River Port",Active,High,41268659,5933035,18691081,0.89,93,61,79,77.67,High,"Energy, Textiles, Agriculture",2,"Optimize supply chain through Figueira Da Foz to reduce delays.","The port of Figueira Da Foz is located in Figueira Da Foz, Portugal. It plays a significant role in the region's trade."
PT,Horta,HOR30,Horta,Azores,38.53,-28.63,"Dry Port",Active,Medium,48441789,4620376,9405544,0.68,67,1,94,54,Medium,Chemicals,18,"Optimize supply chain through Horta to reduce delays.","The port of Horta is located in Horta, Azores. It plays a significant role in the region's trade."
PT,"Vila Do Porto",VIL55,"Vila do Porto",Azores,36.93,-25.15,"Offshore Terminal",Active,High,6706660,687909,3739192,0.93,75,49,80,68,Medium,Agriculture,8,"Optimize supply chain through Vila Do Porto to reduce delays.","The port of Vila Do Porto is located in Vila do Porto, Azores. It plays a significant role in the region's trade."
PT,Funchal,FUN90,Funchal,Madeira,32.63,-16.92,Seaport,Active,Medium,48793366,9654130,13004590,0.7,76,15,61,50.67,Medium,Textiles,6,"Optimize supply chain through Funchal to reduce delays.","The port of Funchal is located in Funchal, Madeira. It plays a significant role in the region's trade."
PT,"Porto De Leixoes",POR34,Matosinhos,Porto,41.18,-8.7,"Dry Port",Active,Low,11587788,8957709,2276299,0.83,84,94,10,62.67,Medium,"Energy, Machinery",13,"Optimize supply chain through Porto De Leixoes to reduce delays.","The port of Porto De Leixoes is located in Matosinhos, Porto. It plays a significant role in the region's trade."
PT,Oporto,OPO91,Matosinhos,Porto,41.15,-8.67,Seaport,Active,Low,2252403,5612425,6561004,0.98,2,76,54,44,Medium,Textiles,5,"Optimize supply chain through Oporto to reduce delays.","The port of Oporto is located in Matosinhos, Porto. It plays a significant role in the region's trade."
PT,"Viana Do Castelo",VIA52,"Viana do Castelo","Viana do Castelo",41.7,-8.83,"Offshore Terminal",Active,High,16872982,231796,9582936,0.87,62,80,11,51,Medium,"Electronics, Energy",13,"Optimize supply chain through Viana Do Castelo to reduce delays.","The port of Viana Do Castelo is located in Viana do Castelo, Viana do Castelo. It plays a significant role in the region's trade."
PT,Sines,SIN28,Sines,Setúbal,37.95,-8.87,"River Port",Active,High,18083007,5731969,2193385,0.61,66,74,90,76.67,High,Chemicals,11,"Optimize supply chain through Sines to reduce delays.","The port of Sines is located in Sines, Setúbal. It plays a significant role in the region's trade."
PT,Lagos,LAG31,Lagos,Portugal,37.1,-8.62,"River Port",Active,Medium,2681966,3359158,1962501,0.68,38,27,29,31.33,Low,Textiles,19,"Optimize supply chain through Lagos to reduce delays.","The port of Lagos is located in Lagos, Portugal. It plays a significant role in the region's trade."
PR,"Playa De Guanica",PLA17,"Playa De Guanica","Puerto Rico",17.97,-66.92,Seaport,Active,High,16946324,1289177,1629405,0.9,70,99,69,79.33,High,"Textiles, Automotive",9,"Optimize supply chain through Playa De Guanica to reduce delays.","The port of Playa De Guanica is located in Playa De Guanica, Puerto Rico. It plays a significant role in the region's trade."
PR,"Bahia De Fajardo",BAH82,"Bahia De Fajardo","Puerto Rico",18.33,-65.63,Seaport,Active,Medium,39218044,9133912,1415411,0.6,60,57,100,72.33,Medium,Agriculture,4,"Optimize supply chain through Bahia De Fajardo to reduce delays.","The port of Bahia De Fajardo is located in Bahia De Fajardo, Puerto Rico. It plays a significant role in the region's trade."
PR,"Las Mareas",LAS75,"Las Mareas","Puerto Rico",17.95,-66.17,"Dry Port",Active,High,47049528,3589601,10534023,0.63,44,89,42,58.33,Medium,"Energy, Chemicals",12,"Optimize supply chain through Las Mareas to reduce delays.","The port of Las Mareas is located in Las Mareas, Puerto Rico. It plays a significant role in the region's trade."
PR,"Ensenada Honda",ENS22,"Roosevelt Roads","Puerto Rico",18.23,-65.63,"River Port",Active,Low,44152974,3750389,10924121,0.78,70,42,34,48.67,Medium,"Energy, Agriculture",7,"Optimize supply chain through Ensenada Honda to reduce delays.","The port of Ensenada Honda is located in Roosevelt Roads, Puerto Rico. It plays a significant role in the region's trade."
PR,"Puerto Yabucoa",PUE73,Yabucoa,"Puerto Rico",18.05,-65.83,Seaport,Active,Low,31279875,1478649,9015400,0.54,71,58,56,61.67,Medium,"Agriculture, Chemicals",5,"Optimize supply chain through Puerto Yabucoa to reduce delays.","The port of Puerto Yabucoa is located in Yabucoa, Puerto Rico. It plays a significant role in the region's trade."
PR,Arecibo,ARE12,Arecibo,"Puerto Rico",18.48,-66.7,"River Port",Active,High,29283982,7743625,7918880,0.68,91,76,93,86.67,High,"Textiles, Electronics",6,"Optimize supply chain through Arecibo to reduce delays.","The port of Arecibo is located in Arecibo, Puerto Rico. It plays a significant role in the region's trade."
PR,Arroyo,ARR79,Arroyo,"Puerto Rico",17.97,-66.07,"River Port",Active,High,18851979,2841213,14672990,0.54,29,59,4,30.67,Low,"Machinery, Agriculture",13,"Optimize supply chain through Arroyo to reduce delays.","The port of Arroyo is located in Arroyo, Puerto Rico. It plays a significant role in the region's trade."
PR,"San Juan",SAN38,"San Juan","Puerto Rico",18.47,-66.12,"River Port",Active,Low,45586649,9049457,12684390,0.75,11,82,75,56,Medium,"Agriculture, Chemicals",2,"Optimize supply chain through San Juan to reduce delays.","The port of San Juan is located in San Juan, Puerto Rico. It plays a significant role in the region's trade."
PR,Mayaguez,MAY55,Mayaguez,"Puerto Rico",18.2,-67.15,Seaport,Active,Medium,10574504,241218,5268557,0.77,69,46,89,68,Medium,Chemicals,14,"Optimize supply chain through Mayaguez to reduce delays.","The port of Mayaguez is located in Mayaguez, Puerto Rico. It plays a significant role in the region's trade."
PR,"Bahia De Jobos",BAH45,Guayama,"Puerto Rico",17.95,-66.18,"Dry Port",Active,High,28696465,2502171,9950281,0.83,16,67,5,29.33,Low,"Energy, Textiles",16,"Optimize supply chain through Bahia De Jobos to reduce delays.","The port of Bahia De Jobos is located in Guayama, Puerto Rico. It plays a significant role in the region's trade."
PR,Aguadilla,AGU70,Aguadilla,"Puerto Rico",18.43,-67.15,"River Port",Active,High,12537104,4913577,1504460,0.88,92,19,32,47.67,Medium,Energy,3,"Optimize supply chain through Aguadilla to reduce delays.","The port of Aguadilla is located in Aguadilla, Puerto Rico. It plays a significant role in the region's trade."
QA,"Al Rayyan Terminal",ALR32,"Al Rayyan","Al Rayyan",26.65,51.55,"Dry Port",Active,Low,28053763,1598852,6488725,0.96,99,57,47,67.67,Medium,Machinery,7,"Optimize supply chain through Al Rayyan Terminal to reduce delays.","The port of Al Rayyan Terminal is located in Al Rayyan, Al Rayyan. It plays a significant role in the region's trade."
QA,"Al Shaheen Terminal",ALS18,"Al Shaheen Terminal",Qatar,26.58,52,"Offshore Terminal",Active,High,48357225,1520423,13196250,0.67,53,20,25,32.67,Low,"Automotive, Electronics, Chemicals",10,"Optimize supply chain through Al Shaheen Terminal to reduce delays.","The port of Al Shaheen Terminal is located in Al Shaheen Terminal, Qatar. It plays a significant role in the region's trade."
QA,"Umm Said",UMM26,Mesaieed,"Al Wakrah",24.92,51.57,"Offshore Terminal",Active,Low,42947187,8644970,18730631,0.58,20,28,89,45.67,Medium,Chemicals,14,"Optimize supply chain through Umm Said to reduce delays.","The port of Umm Said is located in Mesaieed, Al Wakrah. It plays a significant role in the region's trade."
QA,"Jazirat Halul",JAZ71,"Halul Island",Qatar,25.68,52.42,"Dry Port",Active,Low,17769000,9972009,3767770,0.52,100,61,21,60.67,Medium,Electronics,12,"Optimize supply chain through Jazirat Halul to reduce delays.","The port of Jazirat Halul is located in Halul Island, Qatar. It plays a significant role in the region's trade."
QA,Doha,DOH70,Doha,Qatar,25.28,51.53,"Dry Port",Active,High,25854242,3637155,2919955,0.87,98,24,73,65,Medium,"Electronics, Chemicals",12,"Optimize supply chain through Doha to reduce delays.","The port of Doha is located in Doha, Qatar. It plays a significant role in the region's trade."
QA,"Ras Laffan",RAS25,"Ras Laffan","Al Khor",25.92,51.58,"River Port",Active,High,16249816,9245649,19455377,0.7,77,17,97,63.67,Medium,Automotive,4,"Optimize supply chain through Ras Laffan to reduce delays.","The port of Ras Laffan is located in Ras Laffan, Al Khor. It plays a significant role in the region's trade."
RE,Saint-pierre,SAI71,Saint-pierre,Réunion,-21.35,55.47,Seaport,Active,Low,25170361,295442,8642119,0.61,94,67,66,75.67,High,"Electronics, Energy",10,"Optimize supply chain through Saint-pierre to reduce delays.","The port of Saint-pierre is located in Saint-pierre, Réunion. It plays a significant role in the region's trade."
RE,Saint-denis,SAI74,Saint-denis,Réunion,-20.87,55.45,"River Port",Active,High,33047002,4552526,14369621,0.73,74,86,93,84.33,High,"Energy, Agriculture",20,"Optimize supply chain through Saint-denis to reduce delays.","The port of Saint-denis is located in Saint-denis, Réunion. It plays a significant role in the region's trade."
RE,"Port Ouest",POR54,Reunion,Reunion,-20.93,55.28,"Offshore Terminal",Active,High,13013887,738854,5048477,0.55,42,41,51,44.67,Medium,Machinery,15,"Optimize supply chain through Port Ouest to reduce delays.","The port of Port Ouest is located in Reunion, Reunion. It plays a significant role in the region's trade."
RE,"Port Est",POR32,Port,Réunion,-20.93,55.32,"Offshore Terminal",Active,High,9534539,2187014,8649171,0.8,42,26,74,47.33,Medium,"Energy, Automotive",3,"Optimize supply chain through Port Est to reduce delays.","The port of Port Est is located in Port, Réunion. It plays a significant role in the region's trade."
RO,"Danube-black Sea Canal",DAN70,"Danube-black Sea Canal",Romania,44.27,28.18,"Offshore Terminal",Active,Low,21500384,9338346,7332959,0.61,5,70,98,57.67,Medium,Energy,3,"Optimize supply chain through Danube-black Sea Canal to reduce delays.","The port of Danube-black Sea Canal is located in Danube-black Sea Canal, Romania. It plays a significant role in the region's trade."
RO,Mangalia,MAN22,Mangalia,Constanța,43.82,28.58,"Dry Port",Active,Low,22352273,8263531,4774326,0.68,63,16,83,54,Medium,"Automotive, Textiles",15,"Optimize supply chain through Mangalia to reduce delays.","The port of Mangalia is located in Mangalia, Constanța. It plays a significant role in the region's trade."
RO,Constanta,CON29,Constanța,Constanța,44.17,28.65,"Offshore Terminal",Active,Medium,36001222,3598320,8082933,0.86,82,98,28,69.33,Medium,"Chemicals, Electronics, Automotive",3,"Optimize supply chain through Constanta to reduce delays.","The port of Constanta is located in Constanța, Constanța. It plays a significant role in the region's trade."
RO,Braila,BRA49,Braila,Romania,45.25,27.98,"River Port",Active,Medium,15544688,630530,1007608,0.64,34,13,55,34,Low,Textiles,15,"Optimize supply chain through Braila to reduce delays.","The port of Braila is located in Braila, Romania. It plays a significant role in the region's trade."
RO,Basarabi,BAS44,Basarabi,Romania,44.17,28.43,Seaport,Active,High,22308843,9003281,12061016,0.63,34,24,81,46.33,Medium,"Chemicals, Machinery",14,"Optimize supply chain through Basarabi to reduce delays.","The port of Basarabi is located in Basarabi, Romania. It plays a significant role in the region's trade."
RO,Galati,GAL89,Galati,Romania,45.42,28.08,"Dry Port",Active,Medium,21234150,8001390,7747100,0.76,66,48,28,47.33,Medium,Electronics,7,"Optimize supply chain through Galati to reduce delays.","The port of Galati is located in Galati, Romania. It plays a significant role in the region's trade."
RO,Midia,MID51,Midia,Constanța,44.35,28.67,Seaport,Active,Medium,9276617,5728350,1628690,0.82,41,95,73,69.67,Medium,"Automotive, Energy",12,"Optimize supply chain through Midia to reduce delays.","The port of Midia is located in Midia, Constanța. It plays a significant role in the region's trade."
RO,Cernavoda,CER30,Cernavoda,Romania,44.33,28.05,"Dry Port",Active,Low,49916114,9366052,12224868,0.54,28,55,43,42,Medium,"Agriculture, Textiles",8,"Optimize supply chain through Cernavoda to reduce delays.","The port of Cernavoda is located in Cernavoda, Romania. It plays a significant role in the region's trade."
RO,Tulcea,TUL14,Tulcea,Romania,45.17,28.82,"River Port",Active,High,37527263,5131456,11751353,0.75,91,8,1,33.33,Low,Textiles,9,"Optimize supply chain through Tulcea to reduce delays.","The port of Tulcea is located in Tulcea, Romania. It plays a significant role in the region's trade."
RU,"Port Dikson",POR49,"Port Dikson","Russian Federation",73.5,80.52,"Offshore Terminal",Active,High,37328776,9147990,10920859,1,58,17,26,33.67,Low,Machinery,3,"Optimize supply chain through Port Dikson to reduce delays.","The port of Port Dikson is located in Port Dikson, Russian Federation. It plays a significant role in the region's trade."
RU,Zarubino,ZAR35,Zarubino,"Russian Federation",42.63,131.08,"Dry Port",Active,Medium,23672215,7854972,13053026,0.7,50,42,52,48,Medium,"Electronics, Energy",17,"Optimize supply chain through Zarubino to reduce delays.","The port of Zarubino is located in Zarubino, Russian Federation. It plays a significant role in the region's trade."
RU,Anapa,ANA71,Anapa,"Russian Federation",44.88,37.32,"Offshore Terminal",Active,Low,9264919,6168699,746328,1,94,11,62,55.67,Medium,Electronics,2,"Optimize supply chain through Anapa to reduce delays.","The port of Anapa is located in Anapa, Russian Federation. It plays a significant role in the region's trade."
RU,Kholmsk,KHO91,Kholmsk,"Sakhalin Oblast",47.05,142.05,"Dry Port",Active,Low,5392870,973920,9714964,0.6,55,46,39,46.67,Medium,Chemicals,15,"Optimize supply chain through Kholmsk to reduce delays.","The port of Kholmsk is located in Kholmsk, Sakhalin Oblast. It plays a significant role in the region's trade."
RU,Provideniya,PRO92,Provideniya,"Russian Federation",64.42,-173.23,"Dry Port",Active,Medium,16642177,8104347,8798571,0.66,39,73,24,45.33,Medium,"Agriculture, Electronics",15,"Optimize supply chain through Provideniya to reduce delays.","The port of Provideniya is located in Provideniya, Russian Federation. It plays a significant role in the region's trade."
RU,"Ostrovnoy Gremikha",OST21,"Ostrovnoy Gremikha","Russian Federation",68.05,39.52,"River Port",Active,Low,11489519,6532205,11612821,0.93,17,71,13,33.67,Low,Energy,17,"Optimize supply chain through Ostrovnoy Gremikha to reduce delays.","The port of Ostrovnoy Gremikha is located in Ostrovnoy Gremikha, Russian Federation. It plays a significant role in the region's trade."
SH,Jamestown,JAM91,Jamestown,"Saint Helena, Ascension and Tristan da Cunha",-15.92,-5.72,"Dry Port",Active,Medium,23105506,7847104,16999716,0.93,40,66,82,62.67,Medium,"Agriculture, Electronics",11,"Optimize supply chain through Jamestown to reduce delays.","The port of Jamestown is located in Jamestown, Saint Helena, Ascension and Tristan da Cunha. It plays a significant role in the region's trade."
SH,"Edinburgh Of The Seven Seas",EDI10,"Edinburgh Of The Seven Seas","Saint Helena, Ascension and Tristan da Cunha",-37.05,-12.3,Seaport,Active,Low,19933385,1922751,14022623,0.57,42,37,16,31.67,Low,Energy,4,"Optimize supply chain through Edinburgh Of The Seven Seas to reduce delays.","The port of Edinburgh Of The Seven Seas is located in Edinburgh Of The Seven Seas, Saint Helena, Ascension and Tristan da Cunha. It plays a significant role in the region's trade."
SH,"North Point",NOR22,"Ascension Island",Ascension,-7.88,-14.37,"Offshore Terminal",Active,High,33251104,1180364,10794491,0.73,23,47,63,44.33,Medium,Machinery,10,"Optimize supply chain through North Point to reduce delays.","The port of North Point is located in Ascension Island, Ascension. It plays a significant role in the region's trade."
SH,Georgetown,GEO94,"Clarence Bay","Ascension Island",-7.93,-14.42,"Offshore Terminal",Active,Medium,41662625,737532,15551317,0.71,65,39,24,42.67,Medium,Automotive,14,"Optimize supply chain through Georgetown to reduce delays.","The port of Georgetown is located in Clarence Bay, Ascension Island. It plays a significant role in the region's trade."
KN,Basseterre,BAS87,Basseterre,"St. Kitts",17.3,-62.72,"Dry Port",Active,Medium,23739677,152435,8797135,0.85,20,100,81,67,Medium,"Automotive, Electronics, Agriculture",5,"Optimize supply chain through Basseterre to reduce delays.","The port of Basseterre is located in Basseterre, St. Kitts. It plays a significant role in the region's trade."
KN,Charlestown,CHA67,Charlestown,Nevis,17.13,-62.63,"Offshore Terminal",Active,High,4494783,2035433,8160384,0.87,82,11,70,54.33,Medium,Energy,3,"Optimize supply chain through Charlestown to reduce delays.","The port of Charlestown is located in Charlestown, Nevis. It plays a significant role in the region's trade."
LC,Castries,CAS86,Castries,Castries.,14.02,-61,"Dry Port",Active,Medium,11042585,3139208,14769096,0.5,64,55,47,55.33,Medium,Electronics,16,"Optimize supply chain through Castries to reduce delays.","The port of Castries is located in Castries, Castries.. It plays a significant role in the region's trade."
LC,"Grand Cul De Sac Bay",GRA46,"Coconut Point","Saint Lucia",13.98,-61.02,"Dry Port",Active,High,10092707,8910518,2688970,0.86,76,44,44,54.67,Medium,"Machinery, Automotive",9,"Optimize supply chain through Grand Cul De Sac Bay to reduce delays.","The port of Grand Cul De Sac Bay is located in Coconut Point, Saint Lucia. It plays a significant role in the region's trade."
LC,"Vieux Fort",VIE59,"Vieux Fort","Saint Lucia",13.72,-60.97,"Offshore Terminal",Active,High,24159413,2969084,17660854,0.71,68,78,91,79,High,"Electronics, Machinery, Agriculture",8,"Optimize supply chain through Vieux Fort to reduce delays.","The port of Vieux Fort is located in Vieux Fort, Saint Lucia. It plays a significant role in the region's trade."
PM,"Port De St Pierre",POR14,"Port De St Pierre","Saint Pierre and Miquelon",46.78,-56.17,Seaport,Active,High,42479874,920272,15096587,0.53,37,65,71,57.67,Medium,"Machinery, Automotive",6,"Optimize supply chain through Port De St Pierre to reduce delays.","The port of Port De St Pierre is located in Port De St Pierre, Saint Pierre and Miquelon. It plays a significant role in the region's trade."
VC,Kingstown,KIN58,Kingstown,"Saint Vincent",13.15,-61.23,"Dry Port",Active,Medium,48358168,6408046,12131093,0.76,92,7,95,64.67,Medium,Automotive,7,"Optimize supply chain through Kingstown to reduce delays.","The port of Kingstown is located in Kingstown, Saint Vincent. It plays a significant role in the region's trade."
WS,Apia,API60,Apia,Tuamasaga,-13.82,-171.77,"Offshore Terminal",Active,High,25056917,5296614,11875931,0.78,16,6,1,7.67,Low,"Machinery, Energy, Agriculture",4,"Optimize supply chain through Apia to reduce delays.","The port of Apia is located in Apia, Tuamasaga. It plays a significant role in the region's trade."
SA,Sharmah,SHA63,Sharmah,"Saudi Arabia",27.93,35.25,Seaport,Active,Medium,49246407,6653986,2100800,0.98,12,55,86,51,Medium,"Machinery, Automotive",11,"Optimize supply chain through Sharmah to reduce delays.","The port of Sharmah is located in Sharmah, Saudi Arabia. It plays a significant role in the region's trade."
SA,"King Fahd Port",KIN79,"King Fahd Port","Saudi Arabia",23.95,38.22,Seaport,Active,High,20951725,5040068,9771970,0.73,40,25,91,52,Medium,"Machinery, Electronics",11,"Optimize supply chain through King Fahd Port to reduce delays.","The port of King Fahd Port is located in King Fahd Port, Saudi Arabia. It plays a significant role in the region's trade."
SA,Duba,DUB69,Duba,"Tabuk Province",27.57,35.53,Seaport,Active,High,14225181,7165596,8977759,0.92,40,69,18,42.33,Medium,Energy,17,"Optimize supply chain through Duba to reduce delays.","The port of Duba is located in Duba, Tabuk Province. It plays a significant role in the region's trade."
SA,Dammam,DAM22,Dammam,"Eastern Province",26.5,50.2,Seaport,Active,High,18087240,9973205,9423686,0.58,96,13,98,69,Medium,Electronics,17,"Optimize supply chain through Dammam to reduce delays.","The port of Dammam is located in Dammam, Eastern Province. It plays a significant role in the region's trade."
SA,"Ras  Tannurah",RAS91,"Ras Tanura","Eastern Province",26.63,50.17,"Dry Port",Active,High,44271878,1326938,3079286,0.52,59,18,4,27,Low,Textiles,17,"Optimize supply chain through Ras  Tannurah to reduce delays.","The port of Ras  Tannurah is located in Ras Tanura, Eastern Province. It plays a significant role in the region's trade."
SA,"Al Jubayl",ALJ66,Jubail,"Eastern Province",27.08,49.67,"River Port",Active,Low,12273368,4875791,7505556,0.66,15,78,2,31.67,Low,"Chemicals, Textiles",5,"Optimize supply chain through Al Jubayl to reduce delays.","The port of Al Jubayl is located in Jubail, Eastern Province. It plays a significant role in the region's trade."
SA,Jiddah,JID59,Jeddah,"Makkah Province",21.48,39.18,"Dry Port",Active,Low,10785233,7208673,19345553,0.53,96,62,23,60.33,Medium,"Textiles, Electronics",10,"Optimize supply chain through Jiddah to reduce delays.","The port of Jiddah is located in Jeddah, Makkah Province. It plays a significant role in the region's trade."
SA,"Ras Al Mishab",RAS11,"Ras Al Mishab","Saudi Arabia",28.12,48.63,Seaport,Active,Low,49582246,7194131,2531971,0.53,17,28,46,30.33,Low,"Agriculture, Energy",2,"Optimize supply chain through Ras Al Mishab to reduce delays.","The port of Ras Al Mishab is located in Ras Al Mishab, Saudi Arabia. It plays a significant role in the region's trade."
SA,"Ju Aymah Lpg Terminal",JUA37,Ju'aymah,"Eastern Province",26.87,50.05,"River Port",Active,Low,37381324,5394679,17534808,0.89,21,90,22,44.33,Medium,"Agriculture, Electronics",8,"Optimize supply chain through Ju Aymah Lpg Terminal to reduce delays.","The port of Ju Aymah Lpg Terminal is located in Ju'aymah, Eastern Province. It plays a significant role in the region's trade."
SA,"Duba Bulk Plant Tanker Terminal",DUB27,"Duba Bulk Plant Tanker Terminal","Saudi Arabia",27.32,35.9,Seaport,Active,Low,5322796,9763753,4993137,0.86,55,92,12,53,Medium,Electronics,7,"Optimize supply chain through Duba Bulk Plant Tanker Terminal to reduce delays.","The port of Duba Bulk Plant Tanker Terminal is located in Duba Bulk Plant Tanker Terminal, Saudi Arabia. It plays a significant role in the region's trade."
SA,"Ras Al Ghar",RAS77,"Ras Al Ghar","Saudi Arabia",26.9,49.87,"River Port",Active,Low,25934527,4362656,12517978,0.89,11,72,65,49.33,Medium,"Energy, Chemicals",19,"Optimize supply chain through Ras Al Ghar to reduce delays.","The port of Ras Al Ghar is located in Ras Al Ghar, Saudi Arabia. It plays a significant role in the region's trade."
SA,Yanbu,YAN54,Yanbu,"Al Madinah",24.08,38.05,"Dry Port",Active,Medium,47596793,7191967,4494932,0.79,86,86,6,59.33,Medium,"Automotive, Agriculture, Energy",10,"Optimize supply chain through Yanbu to reduce delays.","The port of Yanbu is located in Yanbu, Al Madinah. It plays a significant role in the region's trade."
SN,Dakar,DAK39,Dakar,Dakar,14.68,-17.43,"Offshore Terminal",Active,Medium,27000078,4578152,13238411,0.95,1,63,42,35.33,Low,Electronics,9,"Optimize supply chain through Dakar to reduce delays.","The port of Dakar is located in Dakar, Dakar. It plays a significant role in the region's trade."
SN,Rufisque,RUF90,Rufisque,Senegal,14.7,-17.28,"Offshore Terminal",Active,Low,25912851,8191778,19481624,0.78,66,79,31,58.67,Medium,Automotive,14,"Optimize supply chain through Rufisque to reduce delays.","The port of Rufisque is located in Rufisque, Senegal. It plays a significant role in the region's trade."
SN,Lyndiane,LYN44,Lyndiane,Senegal,14.17,-16.17,"Offshore Terminal",Active,High,9473522,230868,16278113,0.55,64,78,36,59.33,Medium,"Machinery, Agriculture, Chemicals",7,"Optimize supply chain through Lyndiane to reduce delays.","The port of Lyndiane is located in Lyndiane, Senegal. It plays a significant role in the region's trade."
SN,Karabane,KAR43,Karabane,Senegal,12.57,-16.67,Seaport,Active,High,37937289,2302838,10061664,0.64,13,83,52,49.33,Medium,Textiles,12,"Optimize supply chain through Karabane to reduce delays.","The port of Karabane is located in Karabane, Senegal. It plays a significant role in the region's trade."
SN,"M Bao Oil Terminal",MBA71,"M Bao Oil Terminal",Senegal,14.72,-17.4,"River Port",Active,Low,47349539,7509200,19292703,1,58,41,40,46.33,Medium,Chemicals,15,"Optimize supply chain through M Bao Oil Terminal to reduce delays.","The port of M Bao Oil Terminal is located in M Bao Oil Terminal, Senegal. It plays a significant role in the region's trade."
SN,"St Louis",STL82,"St Louis",Senegal,16.02,-16.52,"Offshore Terminal",Active,Medium,30130206,8130091,16571029,1,39,7,17,21,Low,"Textiles, Automotive",10,"Optimize supply chain through St Louis to reduce delays.","The port of St Louis is located in St Louis, Senegal. It plays a significant role in the region's trade."
SC,Victoria,VIC17,Mahe,Seychelles,-4.62,55.45,Seaport,Active,High,48754741,5612372,19063820,0.99,4,81,39,41.33,Medium,Machinery,11,"Optimize supply chain through Victoria to reduce delays.","The port of Victoria is located in Mahe, Seychelles. It plays a significant role in the region's trade."
SL,Pepel,PEP88,Pepel,"Northern Province",8.58,-13.05,Seaport,Active,High,45708649,1745737,13790664,0.74,81,78,98,85.67,High,"Automotive, Machinery",4,"Optimize supply chain through Pepel to reduce delays.","The port of Pepel is located in Pepel, Northern Province. It plays a significant role in the region's trade."
SL,Freetown,FRE52,Freetown,"Sierra Leone",8.5,-13.23,"Offshore Terminal",Active,High,40076102,896054,12954366,0.75,32,17,43,30.67,Low,Energy,3,"Optimize supply chain through Freetown to reduce delays.","The port of Freetown is located in Freetown, Sierra Leone. It plays a significant role in the region's trade."
SL,Bonthe,BON44,Bonthe,"Sierra Leone",7.53,-12.5,"River Port",Active,High,42771942,4715252,19911498,0.54,8,73,77,52.67,Medium,Automotive,5,"Optimize supply chain through Bonthe to reduce delays.","The port of Bonthe is located in Bonthe, Sierra Leone. It plays a significant role in the region's trade."
SG,"Pulau Sebarok",PUL23,Singapore,Singapore,1.2,103.8,"River Port",Active,Medium,40840793,2613754,3547879,0.75,92,72,91,85,High,Chemicals,15,"Optimize supply chain through Pulau Sebarok to reduce delays.","The port of Pulau Sebarok is located in Singapore, Singapore. It plays a significant role in the region's trade."
SG,"Serangoon Harbor",SER57,Singapore,Singapore,1.4,103.95,Seaport,Active,Medium,12583656,9943916,7536137,0.97,20,30,42,30.67,Low,"Automotive, Chemicals",14,"Optimize supply chain through Serangoon Harbor to reduce delays.","The port of Serangoon Harbor is located in Singapore, Singapore. It plays a significant role in the region's trade."
SG,"Jurong Island",JUR19,"Jurong Island",Singapore,1.28,103.73,"River Port",Active,Medium,22297520,9790740,18725137,0.68,47,24,64,45,Medium,Machinery,14,"Optimize supply chain through Jurong Island to reduce delays.","The port of Jurong Island is located in Jurong Island, Singapore. It plays a significant role in the region's trade."
SG,"Pulau Bukom",PUL38,Singapore,Singapore,1.23,103.77,"River Port",Active,High,32585319,6657680,2587320,0.94,74,29,4,35.67,Low,"Electronics, Machinery",12,"Optimize supply chain through Pulau Bukom to reduce delays.","The port of Pulau Bukom is located in Singapore, Singapore. It plays a significant role in the region's trade."
SG,"Keppel - (east Singapore)",KEP93,Singapore,Singapore,1.28,103.85,Seaport,Active,High,45673715,9669960,5769487,0.97,80,79,46,68.33,Medium,"Machinery, Agriculture",19,"Optimize supply chain through Keppel - (east Singapore) to reduce delays.","The port of Keppel - (east Singapore) is located in Singapore, Singapore. It plays a significant role in the region's trade."
SX,Phillipsburg,PHI62,Galisby,Anguilla,18.02,-63.05,"Offshore Terminal",Active,High,39800429,5034919,17894627,0.79,60,67,85,70.67,Medium,Agriculture,15,"Optimize supply chain through Phillipsburg to reduce delays.","The port of Phillipsburg is located in Galisby, Anguilla. It plays a significant role in the region's trade."
SX,"Coles Bay Oil Terminal",COL67,Philipsburg,"Sint Maarten",18.02,-63.08,"Dry Port",Active,Low,17987885,9943269,5287893,0.5,29,61,14,34.67,Low,Energy,14,"Optimize supply chain through Coles Bay Oil Terminal to reduce delays.","The port of Coles Bay Oil Terminal is located in Philipsburg, Sint Maarten. It plays a significant role in the region's trade."
SI,Piran,PIR96,Piran,Slovenia,45.53,13.57,"River Port",Active,Medium,23169592,5946623,4365310,0.88,82,87,68,79,High,"Agriculture, Electronics",7,"Optimize supply chain through Piran to reduce delays.","The port of Piran is located in Piran, Slovenia. It plays a significant role in the region's trade."
SI,Koper,KOP12,Koper,Coastal-Karst,45.55,13.73,Seaport,Active,Medium,38002469,7143309,16043329,0.58,68,85,73,75.33,High,Automotive,11,"Optimize supply chain through Koper to reduce delays.","The port of Koper is located in Koper, Coastal-Karst. It plays a significant role in the region's trade."
SB,Tulaghi,TUL32,Tulaghi,"Solomon Islands",-9.1,160.15,"Dry Port",Active,High,37969131,785186,17948502,0.69,57,7,78,47.33,Medium,"Energy, Machinery",19,"Optimize supply chain through Tulaghi to reduce delays.","The port of Tulaghi is located in Tulaghi, Solomon Islands. It plays a significant role in the region's trade."
SB,"Ringgi Cove",RIN96,"Ringgi Cove","Solomon Islands",-8.12,157.1,Seaport,Active,High,17842133,8047724,9233645,0.8,34,33,43,36.67,Low,"Automotive, Electronics",15,"Optimize supply chain through Ringgi Cove to reduce delays.","The port of Ringgi Cove is located in Ringgi Cove, Solomon Islands. It plays a significant role in the region's trade."
SB,Honiara,HON95,Honiara,"Guadalcanal Province",-9.42,159.95,"Dry Port",Active,Low,32359132,9839598,16083129,0.92,15,33,92,46.67,Medium,"Machinery, Chemicals",2,"Optimize supply chain through Honiara to reduce delays.","The port of Honiara is located in Honiara, Guadalcanal Province. It plays a significant role in the region's trade."
SB,"Gizo Harbor",GIZ74,"Gizo Harbor","Solomon Islands",-8.1,156.85,"River Port",Active,Medium,9569447,5245072,15124456,0.56,63,19,57,46.33,Medium,"Textiles, Energy",7,"Optimize supply chain through Gizo Harbor to reduce delays.","The port of Gizo Harbor is located in Gizo Harbor, Solomon Islands. It plays a significant role in the region's trade."
SB,"Port Noro",POR18,Noro,"Western Province",-8.22,157.18,"Offshore Terminal",Active,Low,17675225,955098,6064300,1,19,79,31,43,Medium,"Machinery, Textiles",18,"Optimize supply chain through Port Noro to reduce delays.","The port of Port Noro is located in Noro, Western Province. It plays a significant role in the region's trade."
SB,Yandina,YAN49,Yandina,"Solomon Islands",-9.08,159.22,Seaport,Active,Medium,7861867,5581186,2032925,0.78,22,34,81,45.67,Medium,"Machinery, Textiles",18,"Optimize supply chain through Yandina to reduce delays.","The port of Yandina is located in Yandina, Solomon Islands. It plays a significant role in the region's trade."
SO,Muqdisho,MUQ46,Mogadishu,Banaadir,2.03,45.35,"Offshore Terminal",Active,Medium,19003782,3505018,5903051,0.94,67,93,43,67.67,Medium,Energy,3,"Optimize supply chain through Muqdisho to reduce delays.","The port of Muqdisho is located in Mogadishu, Banaadir. It plays a significant role in the region's trade."
SO,Kismaayo,KIS16,Kismaayo,Somalia,-0.37,42.55,"Dry Port",Active,Medium,43505224,3808117,9350083,0.96,6,33,9,16,Low,"Chemicals, Energy",20,"Optimize supply chain through Kismaayo to reduce delays.","The port of Kismaayo is located in Kismaayo, Somalia. It plays a significant role in the region's trade."
SO,Boosaaso,BOO31,Boosaaso,Somalia,11.28,49.18,"River Port",Active,Medium,31188192,7230959,3487485,0.93,97,24,66,62.33,Medium,"Automotive, Energy",10,"Optimize supply chain through Boosaaso to reduce delays.","The port of Boosaaso is located in Boosaaso, Somalia. It plays a significant role in the region's trade."
SO,Berbera,BER10,Berbera,"Woqooyi Galbeed",10.45,45.02,"River Port",Active,High,20818994,6291754,9810041,0.53,43,28,88,53,Medium,"Automotive, Chemicals",9,"Optimize supply chain through Berbera to reduce delays.","The port of Berbera is located in Berbera, Woqooyi Galbeed. It plays a significant role in the region's trade."
SO,Baraawe,BAR61,Baraawe,Somalia,1.1,44.05,Seaport,Active,Medium,23638919,7561917,12583386,0.53,75,16,32,41,Medium,"Energy, Agriculture",7,"Optimize supply chain through Baraawe to reduce delays.","The port of Baraawe is located in Baraawe, Somalia. It plays a significant role in the region's trade."
SO,Marka,MAR32,Marka,Somalia,1.72,44.78,"Dry Port",Active,High,5627631,1874974,14814804,0.87,64,11,13,29.33,Low,Agriculture,11,"Optimize supply chain through Marka to reduce delays.","The port of Marka is located in Marka, Somalia. It plays a significant role in the region's trade."
ZA,"East London",EAS13,"East London","Eastern Cape",-33.03,27.92,"Offshore Terminal",Active,Medium,26741712,7399303,9845701,0.87,18,43,41,34,Low,Textiles,3,"Optimize supply chain through East London to reduce delays.","The port of East London is located in East London, Eastern Cape. It plays a significant role in the region's trade."
ZA,"Saldanha Bay",SAL49,"Saldanha Bay","Western Cape",-33.03,17.97,"Offshore Terminal",Active,Low,34954639,9776875,4624425,0.7,28,11,83,40.67,Medium,"Textiles, Agriculture",18,"Optimize supply chain through Saldanha Bay to reduce delays.","The port of Saldanha Bay is located in Saldanha Bay, Western Cape. It plays a significant role in the region's trade."
ZA,"Cape Town",CAP75,"Cape Town","Western Cape",-33.92,18.42,"River Port",Active,Medium,21002265,7004876,10559043,0.95,53,92,74,73,Medium,"Energy, Textiles",20,"Optimize supply chain through Cape Town to reduce delays.","The port of Cape Town is located in Cape Town, Western Cape. It plays a significant role in the region's trade."
ZA,"Port Elizabeth",POR73,Gqeberha,"Eastern Cape",-33.97,25.62,"River Port",Active,High,48128698,1227885,6270655,0.87,58,87,71,72,Medium,Energy,13,"Optimize supply chain through Port Elizabeth to reduce delays.","The port of Port Elizabeth is located in Gqeberha, Eastern Cape. It plays a significant role in the region's trade."
ZA,Simonstown,SIM52,"Simon's Town","Western Cape",-34.18,18.43,"Offshore Terminal",Active,High,26976674,9584312,17989855,0.95,37,94,38,56.33,Medium,Textiles,19,"Optimize supply chain through Simonstown to reduce delays.","The port of Simonstown is located in Simon's Town, Western Cape. It plays a significant role in the region's trade."
ZA,"Richards Bay",RIC68,"Richards Bay",KwaZulu-Natal,-28.82,32.08,"Offshore Terminal",Active,Low,34355500,9597814,18148447,0.81,32,8,54,31.33,Low,"Agriculture, Electronics",17,"Optimize supply chain through Richards Bay to reduce delays.","The port of Richards Bay is located in Richards Bay, KwaZulu-Natal. It plays a significant role in the region's trade."
ZA,Durban,DUR27,Durban,KwaZulu-Natal,-29.87,31.07,"River Port",Active,High,19738528,7057613,5393117,0.87,61,43,43,49,Medium,"Agriculture, Electronics",4,"Optimize supply chain through Durban to reduce delays.","The port of Durban is located in Durban, KwaZulu-Natal. It plays a significant role in the region's trade."
ZA,"Mossel Bay",MOS97,"Mossel Bay","Western Cape",-34.18,22.15,"Offshore Terminal",Active,Low,43423372,4175449,9966873,0.62,48,61,47,52,Medium,Agriculture,12,"Optimize supply chain through Mossel Bay to reduce delays.","The port of Mossel Bay is located in Mossel Bay, Western Cape. It plays a significant role in the region's trade."
GS,Grytviken,GRY72,Grytviken,"South Georgia and the South Sandwich Islands",-54.27,-36.5,"River Port",Active,Medium,2092269,1464935,19732445,0.61,13,77,44,44.67,Medium,Agriculture,3,"Optimize supply chain through Grytviken to reduce delays.","The port of Grytviken is located in Grytviken, South Georgia and the South Sandwich Islands. It plays a significant role in the region's trade."
GS,"Stromness Harbor",STR49,"Stromness Harbor","South Georgia and the South Sandwich Islands",-54.15,-36.7,"Offshore Terminal",Active,High,19377199,2935165,19713545,0.77,13,98,24,45,Medium,Machinery,4,"Optimize supply chain through Stromness Harbor to reduce delays.","The port of Stromness Harbor is located in Stromness Harbor, South Georgia and the South Sandwich Islands. It plays a significant role in the region's trade."
GS,"Prince Olav Harbor",PRI29,"Prince Olav Harbor","South Georgia and the South Sandwich Islands",-54.03,-37.15,"River Port",Active,Low,36717346,7893603,15571107,0.95,10,22,71,34.33,Low,Machinery,15,"Optimize supply chain through Prince Olav Harbor to reduce delays.","The port of Prince Olav Harbor is located in Prince Olav Harbor, South Georgia and the South Sandwich Islands. It plays a significant role in the region's trade."
SS,"Port Sudan",POR18,"Port Sudan","Red Sea State",19.6,37.23,"River Port",Active,Low,39841480,1475183,15212167,0.61,88,81,44,71,Medium,Electronics,8,"Optimize supply chain through Port Sudan to reduce delays.","The port of Port Sudan is located in Port Sudan, Red Sea State. It plays a significant role in the region's trade."
SS,"Sawakin Harbor",SAW87,Sawakin,"Red Sea State",19.13,37.35,"River Port",Active,Medium,45300564,2944122,18225857,0.87,19,39,80,46,Medium,"Electronics, Automotive, Chemicals",9,"Optimize supply chain through Sawakin Harbor to reduce delays.","The port of Sawakin Harbor is located in Sawakin, Red Sea State. It plays a significant role in the region's trade."
SS,"Al Khair Oil Terminal",ALK10,"Al Khair Oil Terminal","South Sudan",19.58,37.25,Seaport,Active,High,37686800,7876484,9023751,0.93,15,29,52,32,Low,"Automotive, Agriculture",4,"Optimize supply chain through Al Khair Oil Terminal to reduce delays.","The port of Al Khair Oil Terminal is located in Al Khair Oil Terminal, South Sudan. It plays a significant role in the region's trade."
SS,"Beshayer Oil Terminal",BES73,Bashayer,"Red Sea State",19.4,37.32,Seaport,Active,High,6403472,6005300,2862823,0.55,8,30,64,34,Low,"Agriculture, Machinery, Automotive",17,"Optimize supply chain through Beshayer Oil Terminal to reduce delays.","The port of Beshayer Oil Terminal is located in Bashayer, Red Sea State. It plays a significant role in the region's trade."
ES,"Puerto De Alcudia",PUE48,Alcúdia,"Balearic Islands",39.83,3.13,"Dry Port",Active,High,28521684,8324311,5573533,0.75,70,43,67,60,Medium,"Agriculture, Electronics",17,"Optimize supply chain through Puerto De Alcudia to reduce delays.","The port of Puerto De Alcudia is located in Alcúdia, Balearic Islands. It plays a significant role in the region's trade."
ES,"Santa Cruz De Tenerife",SAN20,"Santa Cruz de Tenerife","Canary Islands",28.47,-16.23,Seaport,Active,High,5238146,3941304,5474261,0.59,14,23,67,34.67,Low,"Chemicals, Agriculture",9,"Optimize supply chain through Santa Cruz De Tenerife to reduce delays.","The port of Santa Cruz De Tenerife is located in Santa Cruz de Tenerife, Canary Islands. It plays a significant role in the region's trade."
ES,"Las Palmas",LAS82,"Las Palmas","Canary Islands",28.15,-15.42,Seaport,Active,Medium,49496633,281986,9627268,0.61,50,33,87,56.67,Medium,Energy,20,"Optimize supply chain through Las Palmas to reduce delays.","The port of Las Palmas is located in Las Palmas, Canary Islands. It plays a significant role in the region's trade."
ES,"Puerto De Carboneras",PUE90,Carboneras,Almería,37,-1.88,"River Port",Active,Medium,29362703,1269334,6865714,0.9,67,71,80,72.67,Medium,"Agriculture, Energy, Chemicals",11,"Optimize supply chain through Puerto De Carboneras to reduce delays.","The port of Puerto De Carboneras is located in Carboneras, Almería. It plays a significant role in the region's trade."
ES,Palamos,PAL64,Palamos,Spain,41.83,3.12,"Offshore Terminal",Active,High,27429852,3861829,3561682,0.74,52,62,17,43.67,Medium,"Automotive, Energy",16,"Optimize supply chain through Palamos to reduce delays.","The port of Palamos is located in Palamos, Spain. It plays a significant role in the region's trade."
ES,Sevilla,SEV40,Seville,Andalusia,37.37,-6,"Dry Port",Active,Medium,39971754,7110119,18958901,0.9,7,27,98,44,Medium,"Textiles, Machinery",19,"Optimize supply chain through Sevilla to reduce delays.","The port of Sevilla is located in Seville, Andalusia. It plays a significant role in the region's trade."
ES,Motril,MOT45,Motril,Andalusia,36.75,-3.52,"Offshore Terminal",Active,High,24722284,6458040,8928267,0.5,56,40,41,45.67,Medium,"Textiles, Machinery, Agriculture",3,"Optimize supply chain through Motril to reduce delays.","The port of Motril is located in Motril, Andalusia. It plays a significant role in the region's trade."
ES,Cartagena,CAR55,Cartagena,Murcia,37.58,-0.98,"Offshore Terminal",Active,Medium,44327117,7311482,17583891,0.63,40,23,62,41.67,Medium,Chemicals,14,"Optimize supply chain through Cartagena to reduce delays.","The port of Cartagena is located in Cartagena, Murcia. It plays a significant role in the region's trade."
ES,"Santa Cruz De La Palma",SAN34,"Santa Cruz De La Palma",Spain,28.68,-17.75,Seaport,Active,Medium,2839001,4723071,757249,0.91,40,28,51,39.67,Low,Agriculture,8,"Optimize supply chain through Santa Cruz De La Palma to reduce delays.","The port of Santa Cruz De La Palma is located in Santa Cruz De La Palma, Spain. It plays a significant role in the region's trade."
ES,"Palma De Mallorca",PAL79,Palma,"Balearic Islands",39.57,2.63,"River Port",Active,Low,16776036,6143590,2581896,0.9,98,2,10,36.67,Low,"Textiles, Agriculture",5,"Optimize supply chain through Palma De Mallorca to reduce delays.","The port of Palma De Mallorca is located in Palma, Balearic Islands. It plays a significant role in the region's trade."
LK,"Trincomalee Harbor",TRI27,"China Bay","Eastern Province",8.55,81.22,"Dry Port",Active,Medium,12041677,2710037,9676729,0.96,52,69,35,52,Medium,"Energy, Electronics",8,"Optimize supply chain through Trincomalee Harbor to reduce delays.","The port of Trincomalee Harbor is located in China Bay, Eastern Province. It plays a significant role in the region's trade."
LK,Colombo,COL94,Colombo,"Western Province",6.95,79.85,"Offshore Terminal",Active,High,8338219,7855796,5541657,0.71,55,58,91,68,Medium,"Energy, Automotive",8,"Optimize supply chain through Colombo to reduce delays.","The port of Colombo is located in Colombo, Western Province. It plays a significant role in the region's trade."
LK,Kankesanturai,KAN29,Kankesanturai,"Sri Lanka",9.82,80.05,"Dry Port",Active,Medium,10818078,1149483,8901420,0.69,64,30,33,42.33,Medium,Agriculture,3,"Optimize supply chain through Kankesanturai to reduce delays.","The port of Kankesanturai is located in Kankesanturai, Sri Lanka. It plays a significant role in the region's trade."
LK,"Galle Harbor",GAL38,Galle,"Southern Province",6.02,80.22,Seaport,Active,Medium,5254816,818525,9890377,0.77,7,27,67,33.67,Low,"Machinery, Textiles",8,"Optimize supply chain through Galle Harbor to reduce delays.","The port of Galle Harbor is located in Galle, Southern Province. It plays a significant role in the region's trade."
SD,"Beshayer Oil Terminal",BES68,Bashayer,"Red Sea State",19.4,37.32,"Dry Port",Active,Low,46448194,6337302,4509376,0.85,49,91,28,56,Medium,"Textiles, Electronics",14,"Optimize supply chain through Beshayer Oil Terminal to reduce delays.","The port of Beshayer Oil Terminal is located in Bashayer, Red Sea State. It plays a significant role in the region's trade."
SD,"Sawakin Harbor",SAW24,Sawakin,"Red Sea State",19.13,37.35,Seaport,Active,High,22099077,9917321,12648917,1,71,41,87,66.33,Medium,"Chemicals, Machinery",5,"Optimize supply chain through Sawakin Harbor to reduce delays.","The port of Sawakin Harbor is located in Sawakin, Red Sea State. It plays a significant role in the region's trade."
SD,"Al Khair Oil Terminal",ALK87,"Al Khair Oil Terminal",Sudan,19.58,37.25,"Offshore Terminal",Active,High,27311356,4263088,7745111,0.91,96,68,78,80.67,High,Machinery,16,"Optimize supply chain through Al Khair Oil Terminal to reduce delays.","The port of Al Khair Oil Terminal is located in Al Khair Oil Terminal, Sudan. It plays a significant role in the region's trade."
SD,"Port Sudan",POR69,"Port Sudan","Red Sea State",19.6,37.23,"River Port",Active,Low,11513728,8203761,17641547,0.7,14,58,13,28.33,Low,"Energy, Automotive",7,"Optimize supply chain through Port Sudan to reduce delays.","The port of Port Sudan is located in Port Sudan, Red Sea State. It plays a significant role in the region's trade."
SR,Paramaribo,PAR49,Paramaribo,Paramaribo,5.83,-55.17,"Dry Port",Active,Medium,28761765,6554870,19243238,0.99,47,78,78,67.67,Medium,Electronics,17,"Optimize supply chain through Paramaribo to reduce delays.","The port of Paramaribo is located in Paramaribo, Paramaribo. It plays a significant role in the region's trade."
SR,Moengo,MOE77,Moengo,Suriname,5.63,-54.42,"Offshore Terminal",Active,Low,8147587,9323943,7601934,0.58,59,57,50,55.33,Medium,"Energy, Electronics",18,"Optimize supply chain through Moengo to reduce delays.","The port of Moengo is located in Moengo, Suriname. It plays a significant role in the region's trade."
SR,"Nieuw Nickerie",NIE61,"Nieuw Nickerie",Suriname,5.95,-57,"River Port",Active,Medium,32459881,8640606,19591600,0.99,30,69,83,60.67,Medium,Energy,12,"Optimize supply chain through Nieuw Nickerie to reduce delays.","The port of Nieuw Nickerie is located in Nieuw Nickerie, Suriname. It plays a significant role in the region's trade."
SR,Paranam,PAR22,Paranam,Para,5.62,-55.1,"Dry Port",Active,Medium,7928578,4396325,1971761,0.74,58,26,13,32.33,Low,"Electronics, Machinery, Agriculture",4,"Optimize supply chain through Paranam to reduce delays.","The port of Paranam is located in Paranam, Para. It plays a significant role in the region's trade."
SJ,Barentsburg,BAR93,Barentsburg,"Svalbard and Jan Mayen",78.07,14.23,"Dry Port",Active,Medium,34955425,9320748,17378233,0.98,86,9,67,54,Medium,"Agriculture, Automotive, Chemicals",2,"Optimize supply chain through Barentsburg to reduce delays.","The port of Barentsburg is located in Barentsburg, Svalbard and Jan Mayen. It plays a significant role in the region's trade."
SJ,"Ny Alesund",NYA76,"Ny Alesund","Svalbard and Jan Mayen",78.92,11.95,Seaport,Active,High,3424165,1638418,11905397,0.5,88,48,54,63.33,Medium,"Automotive, Electronics",12,"Optimize supply chain through Ny Alesund to reduce delays.","The port of Ny Alesund is located in Ny Alesund, Svalbard and Jan Mayen. It plays a significant role in the region's trade."
SJ,Longyearbyen,LON99,Longyearbyen,"Svalbard and Jan Mayen",78.2,15.7,"Dry Port",Active,Medium,40841869,3129814,19749732,0.88,88,62,34,61.33,Medium,"Energy, Automotive",12,"Optimize supply chain through Longyearbyen to reduce delays.","The port of Longyearbyen is located in Longyearbyen, Svalbard and Jan Mayen. It plays a significant role in the region's trade."
SE,Landskrona,LAN77,Landskrona,Skåne,55.87,12.83,"Dry Port",Active,Low,37687469,7909759,11833994,0.98,32,93,65,63.33,Medium,"Chemicals, Electronics",18,"Optimize supply chain through Landskrona to reduce delays.","The port of Landskrona is located in Landskrona, Skåne. It plays a significant role in the region's trade."
SE,"Umea Hamn",UME43,Umea,"Västerbotten County",63.7,20.35,Seaport,Active,High,36009151,6608182,3766875,0.65,91,94,77,87.33,High,"Automotive, Machinery",15,"Optimize supply chain through Umea Hamn to reduce delays.","The port of Umea Hamn is located in Umea, Västerbotten County. It plays a significant role in the region's trade."
SE,Figeholm,FIG22,Figeholm,Sweden,57.37,16.5,Seaport,Active,Medium,12580797,4135483,13319803,0.83,4,18,55,25.67,Low,"Chemicals, Machinery",6,"Optimize supply chain through Figeholm to reduce delays.","The port of Figeholm is located in Figeholm, Sweden. It plays a significant role in the region's trade."
SE,Hoganas,HOG72,Hoganas,Sweden,56.2,12.55,Seaport,Active,Low,49805992,6377200,14410874,0.76,89,82,29,66.67,Medium,"Electronics, Chemicals, Energy",8,"Optimize supply chain through Hoganas to reduce delays.","The port of Hoganas is located in Hoganas, Sweden. It plays a significant role in the region's trade."
SE,Visby,VIS58,Visby,Gotland,57.63,18.28,"Dry Port",Active,Low,16939408,1604161,9854752,0.56,47,59,52,52.67,Medium,"Machinery, Agriculture",7,"Optimize supply chain through Visby to reduce delays.","The port of Visby is located in Visby, Gotland. It plays a significant role in the region's trade."
SE,Helsingborg,HEL97,Helsingborg,"Skåne County",56.05,12.7,"Offshore Terminal",Active,Low,10343154,3881380,16961098,0.62,19,20,19,19.33,Low,Automotive,10,"Optimize supply chain through Helsingborg to reduce delays.","The port of Helsingborg is located in Helsingborg, Skåne County. It plays a significant role in the region's trade."
SE,Skelleftehamn,SKE34,Skelleftehamn,"Västerbotten County",64.68,21.23,"Dry Port",Active,Medium,41442761,9843326,5460133,0.63,17,66,38,40.33,Medium,Automotive,20,"Optimize supply chain through Skelleftehamn to reduce delays.","The port of Skelleftehamn is located in Skelleftehamn, Västerbotten County. It plays a significant role in the region's trade."
SE,Karlskrona,KAR21,Karlskrona,Blekinge,56.17,15.6,Seaport,Active,Low,39356753,8079021,2405823,0.59,78,51,96,75,Medium,Electronics,15,"Optimize supply chain through Karlskrona to reduce delays.","The port of Karlskrona is located in Karlskrona, Blekinge. It plays a significant role in the region's trade."
SE,Hudiksvall,HUD90,Hudiksvall,Gävleborg,61.73,17.12,Seaport,Active,Low,27433275,5242360,12836022,0.68,77,16,98,63.67,Medium,"Textiles, Automotive",10,"Optimize supply chain through Hudiksvall to reduce delays.","The port of Hudiksvall is located in Hudiksvall, Gävleborg. It plays a significant role in the region's trade."
SY,"Al Ladhiqiyah",ALL47,Lattakia,Latakia,35.53,35.77,"River Port",Active,High,26521342,4361265,3065727,0.96,100,15,74,63,Medium,"Electronics, Machinery, Energy",18,"Optimize supply chain through Al Ladhiqiyah to reduce delays.","The port of Al Ladhiqiyah is located in Lattakia, Latakia. It plays a significant role in the region's trade."
SY,Tartus,TAR71,Tartous,Tartus,34.9,35.87,"Offshore Terminal",Active,High,34439435,7057055,4455866,0.56,91,22,64,59,Medium,"Agriculture, Automotive",13,"Optimize supply chain through Tartus to reduce delays.","The port of Tartus is located in Tartous, Tartus. It plays a significant role in the region's trade."
SY,Baniyas,BAN76,Banias,Tartus,35.18,35.95,"Dry Port",Active,High,42133107,798641,14005372,0.57,37,68,95,66.67,Medium,Machinery,13,"Optimize supply chain through Baniyas to reduce delays.","The port of Baniyas is located in Banias, Tartus. It plays a significant role in the region's trade."
TW,"Dagu Tanggu",DAG45,Tianjin,Tianjin,38.97,117.67,"Dry Port",Active,High,7867972,6337773,2952043,0.54,76,89,92,85.67,High,"Textiles, Electronics",11,"Optimize supply chain through Dagu Tanggu to reduce delays.","The port of Dagu Tanggu is located in Tianjin, Tianjin. It plays a significant role in the region's trade."
TW,Changzhou,CHA73,Changzhou,"Taiwan, Province of China",31.97,119.98,"River Port",Active,High,29778775,9369759,14042141,0.93,77,92,68,79,High,"Textiles, Automotive",7,"Optimize supply chain through Changzhou to reduce delays.","The port of Changzhou is located in Changzhou, Taiwan, Province of China. It plays a significant role in the region's trade."
TW,Chiwan,CHI96,Chiwan,"Taiwan, Province of China",19.97,110.03,"Dry Port",Active,Medium,13543607,819268,1446368,0.84,87,66,45,66,Medium,Machinery,11,"Optimize supply chain through Chiwan to reduce delays.","The port of Chiwan is located in Chiwan, Taiwan, Province of China. It plays a significant role in the region's trade."
TW,Yingkou,YIN52,Yingkou,Liaoning,40.68,122.23,"Offshore Terminal",Active,Low,32935768,8706769,14671379,0.57,15,4,5,8,Low,"Automotive, Electronics",4,"Optimize supply chain through Yingkou to reduce delays.","The port of Yingkou is located in Yingkou, Liaoning. It plays a significant role in the region's trade."
TW,"Shan T Ou",SHA38,Shantou,Guangdong,23.37,116.68,"Offshore Terminal",Active,Medium,5012159,7575793,9218528,1,66,59,38,54.33,Medium,"Agriculture, Machinery",6,"Optimize supply chain through Shan T Ou to reduce delays.","The port of Shan T Ou is located in Shantou, Guangdong. It plays a significant role in the region's trade."
TW,Zhanjiang,ZHA95,Zhanjiang,Guangdong,21.2,110.4,"Offshore Terminal",Active,High,47531523,1124290,2587999,0.6,44,91,51,62,Medium,"Textiles, Energy",2,"Optimize supply chain through Zhanjiang to reduce delays.","The port of Zhanjiang is located in Zhanjiang, Guangdong. It plays a significant role in the region's trade."
TW,"Huludao Gang",HUL99,Huludao,Liaoning,40.7,120.98,"Offshore Terminal",Active,High,38649901,8344137,3168623,0.89,56,49,49,51.33,Medium,Agriculture,11,"Optimize supply chain through Huludao Gang to reduce delays.","The port of Huludao Gang is located in Huludao, Liaoning. It plays a significant role in the region's trade."
TW,Lanshan,LAN87,Lanshan,"Taiwan, Province of China",30.1,119.37,"Offshore Terminal",Active,High,46249190,9687983,3565404,0.72,56,18,97,57,Medium,Textiles,11,"Optimize supply chain through Lanshan to reduce delays.","The port of Lanshan is located in Lanshan, Taiwan, Province of China. It plays a significant role in the region's trade."
TW,Qinhuangdao,QIN21,Qinhuangdao,Hebei,39.93,119.62,"Dry Port",Active,Medium,3848333,1245134,3354514,0.69,9,52,81,47.33,Medium,"Energy, Agriculture, Textiles",17,"Optimize supply chain through Qinhuangdao to reduce delays.","The port of Qinhuangdao is located in Qinhuangdao, Hebei. It plays a significant role in the region's trade."
TZ,"Kilwa Kivinje",KIL51,"Kilwa Kivinje","Tanzania, United Republic of",-8.73,39.42,Seaport,Active,High,23910833,1333412,9465032,0.95,46,10,10,22,Low,"Electronics, Chemicals",10,"Optimize supply chain through Kilwa Kivinje to reduce delays.","The port of Kilwa Kivinje is located in Kilwa Kivinje, Tanzania, United Republic of. It plays a significant role in the region's trade."
TZ,Tanga,TAN52,Tanga,"Tanzania, United Republic of",-5.08,39.12,"Offshore Terminal",Active,Medium,49203516,8468659,16760102,0.54,3,11,4,6,Low,Chemicals,14,"Optimize supply chain through Tanga to reduce delays.","The port of Tanga is located in Tanga, Tanzania, United Republic of. It plays a significant role in the region's trade."
TZ,"Mjimwema Terminal",MJI69,Mjimwema,"Dar es Salaam",-6.82,39.37,"Dry Port",Active,Medium,34982965,6494302,6741076,0.56,89,58,40,62.33,Medium,"Energy, Chemicals",6,"Optimize supply chain through Mjimwema Terminal to reduce delays.","The port of Mjimwema Terminal is located in Mjimwema, Dar es Salaam. It plays a significant role in the region's trade."
TZ,"Chake Chake",CHA48,"Chake Chake","Tanzania, United Republic of",-5.25,39.77,"River Port",Active,Low,9979851,913712,18159308,0.75,61,69,87,72.33,Medium,"Energy, Chemicals",6,"Optimize supply chain through Chake Chake to reduce delays.","The port of Chake Chake is located in Chake Chake, Tanzania, United Republic of. It plays a significant role in the region's trade."
TZ,"Dar Es Salaam",DAR93,Dar-es-Salaam,Dar-es-Salaam,-6.82,39.3,"River Port",Active,Low,29365023,3879381,15937405,0.88,48,33,40,40.33,Medium,"Textiles, Energy",9,"Optimize supply chain through Dar Es Salaam to reduce delays.","The port of Dar Es Salaam is located in Dar-es-Salaam, Dar-es-Salaam. It plays a significant role in the region's trade."
TZ,Mikindani,MIK59,Mikindani,"Tanzania, United Republic of",-10.27,40.13,"River Port",Active,Low,18867032,9385474,6231710,0.63,79,52,44,58.33,Medium,"Textiles, Electronics",14,"Optimize supply chain through Mikindani to reduce delays.","The port of Mikindani is located in Mikindani, Tanzania, United Republic of. It plays a significant role in the region's trade."
TZ,Mtwara,MTW51,Mtwara,"Mtwara Region",-10.27,40.2,Seaport,Active,Low,31368298,5363904,3574390,0.67,78,59,14,50.33,Medium,"Agriculture, Energy",6,"Optimize supply chain through Mtwara to reduce delays.","The port of Mtwara is located in Mtwara, Mtwara Region. It plays a significant role in the region's trade."
TZ,Zanzibar,ZAN68,Zanzibar,"Zanzibar Central/South",-6.17,39.18,"Dry Port",Active,Medium,48919521,3133392,16514321,0.75,73,15,93,60.33,Medium,"Machinery, Energy",20,"Optimize supply chain through Zanzibar to reduce delays.","The port of Zanzibar is located in Zanzibar, Zanzibar Central/South. It plays a significant role in the region's trade."
TH,"Kantang Harbor",KAN11,"Kantang Harbor",Thailand,7.4,99.52,"River Port",Active,Medium,47536931,2142733,17861263,0.55,60,40,89,63,Medium,"Textiles, Automotive",14,"Optimize supply chain through Kantang Harbor to reduce delays.","The port of Kantang Harbor is located in Kantang Harbor, Thailand. It plays a significant role in the region's trade."
TH,Pattani,PAT16,Pattani,Songkhla,6.95,101.3,"Offshore Terminal",Active,Medium,4172295,7241514,4801072,1,92,77,21,63.33,Medium,Machinery,13,"Optimize supply chain through Pattani to reduce delays.","The port of Pattani is located in Pattani, Songkhla. It plays a significant role in the region's trade."
TH,"Si Racha",SIR75,"Si Racha","Chon Buri",13.17,100.92,"Dry Port",Active,High,16751026,3756886,11223253,0.75,11,26,1,12.67,Low,"Chemicals, Electronics, Machinery",17,"Optimize supply chain through Si Racha to reduce delays.","The port of Si Racha is located in Si Racha, Chon Buri. It plays a significant role in the region's trade."
TH,"Si Racha Terminal",SIR87,"Koh Si Chang",Chonburi,13.12,100.88,"Offshore Terminal",Active,High,30384587,7966353,19379008,0.89,42,3,25,23.33,Low,Electronics,12,"Optimize supply chain through Si Racha Terminal to reduce delays.","The port of Si Racha Terminal is located in Koh Si Chang, Chonburi. It plays a significant role in the region's trade."
TH,"Petchburi Terminal",PET56,"Petchburi Terminal",Thailand,13.17,100.15,"River Port",Active,Medium,35129729,3055558,7128276,0.79,17,94,15,42,Medium,"Agriculture, Energy",13,"Optimize supply chain through Petchburi Terminal to reduce delays.","The port of Petchburi Terminal is located in Petchburi Terminal, Thailand. It plays a significant role in the region's trade."
TL,Dili,DIL48,Dili,Dili,-8.53,125.58,"River Port",Active,Medium,41627621,2378716,16155765,0.82,35,95,92,74,Medium,Energy,8,"Optimize supply chain through Dili to reduce delays.","The port of Dili is located in Dili, Dili. It plays a significant role in the region's trade."
TG,Lome,LOM81,Lome,Maritime.,6.13,1.28,Seaport,Active,Medium,38332598,1348585,14392367,0.68,92,4,58,51.33,Medium,Textiles,18,"Optimize supply chain through Lome to reduce delays.","The port of Lome is located in Lome, Maritime.. It plays a significant role in the region's trade."
TG,Kpeme,KPE38,Kpeme,Togo,6.2,1.52,"Dry Port",Active,High,9529785,1329631,13336780,0.91,1,38,56,31.67,Low,"Energy, Textiles",20,"Optimize supply chain through Kpeme to reduce delays.","The port of Kpeme is located in Kpeme, Togo. It plays a significant role in the region's trade."
TO,"Nuku Alofa",NUK66,Nuku'alofa,Tongatapu,-21.13,-175.2,Seaport,Active,High,41500408,6930235,10620430,0.7,94,83,70,82.33,High,"Automotive, Agriculture",15,"Optimize supply chain through Nuku Alofa to reduce delays.","The port of Nuku Alofa is located in Nuku'alofa, Tongatapu. It plays a significant role in the region's trade."
TO,Pangai,PAN13,Pangai,Tonga,-19.8,-174.35,"Dry Port",Active,Medium,36060233,2986863,17570235,0.98,89,87,35,70.33,Medium,"Energy, Agriculture",18,"Optimize supply chain through Pangai to reduce delays.","The port of Pangai is located in Pangai, Tonga. It plays a significant role in the region's trade."
TO,Neiafu,NEI23,Neiafu,Tonga,-18.65,-173.98,"Dry Port",Active,Low,28460714,7003688,14488427,0.65,45,97,99,80.33,High,"Automotive, Electronics",19,"Optimize supply chain through Neiafu to reduce delays.","The port of Neiafu is located in Neiafu, Tonga. It plays a significant role in the region's trade."
TT,"Point Lisas Port",POI99,Pointe-a-Pierre,"Trinidad and Tobago",10.38,-61.48,"Offshore Terminal",Active,Low,7030261,8154971,9034058,0.77,93,98,9,66.67,Medium,"Automotive, Agriculture",20,"Optimize supply chain through Point Lisas Port to reduce delays.","The port of Point Lisas Port is located in Pointe-a-Pierre, Trinidad and Tobago. It plays a significant role in the region's trade."
TT,"Point Lisas Industrial Port",POI50,"Point Lisas",Couva-Tabaquite-Talparo,10.4,-61.5,Seaport,Active,Medium,22899846,6702972,5417856,0.66,40,54,25,39.67,Low,"Agriculture, Textiles",2,"Optimize supply chain through Point Lisas Industrial Port to reduce delays.","The port of Point Lisas Industrial Port is located in Point Lisas, Couva-Tabaquite-Talparo. It plays a significant role in the region's trade."
TT,"Point Fortin",POI72,"Point Fortin","Point Fortin",10.2,-61.7,"Offshore Terminal",Active,High,33133745,6843235,9343436,0.54,85,18,87,63.33,Medium,"Electronics, Automotive, Agriculture",12,"Optimize supply chain through Point Fortin to reduce delays.","The port of Point Fortin is located in Point Fortin, Point Fortin. It plays a significant role in the region's trade."
TT,Chaguaramas,CHA32,Chaguaramas,"Trinidad and Tobago",10.68,-61.65,"Dry Port",Active,Medium,2480415,5371164,19377775,0.72,80,14,11,35,Low,"Textiles, Chemicals",11,"Optimize supply chain through Chaguaramas to reduce delays.","The port of Chaguaramas is located in Chaguaramas, Trinidad and Tobago. It plays a significant role in the region's trade."
TT,"Anse Tembladora",ANS13,"Anse Tembladora","Trinidad and Tobago",10.68,-61.58,"River Port",Active,High,31532034,9409038,7677605,0.51,9,33,50,30.67,Low,"Energy, Agriculture",10,"Optimize supply chain through Anse Tembladora to reduce delays.","The port of Anse Tembladora is located in Anse Tembladora, Trinidad and Tobago. It plays a significant role in the region's trade."
TT,Scarborough,SCA15,Scarborough,"Trinidad and Tobago",11.18,-60.73,"Dry Port",Active,Medium,40179677,4648172,11173017,0.77,88,33,69,63.33,Medium,"Automotive, Agriculture",17,"Optimize supply chain through Scarborough to reduce delays.","The port of Scarborough is located in Scarborough, Trinidad and Tobago. It plays a significant role in the region's trade."
TT,"Port Of Spain",POR90,"Port of Spain","Trinidad and Tobago",10.65,-61.52,"River Port",Active,High,34851025,5485153,19104174,0.69,52,37,78,55.67,Medium,"Machinery, Agriculture",20,"Optimize supply chain through Port Of Spain to reduce delays.","The port of Port Of Spain is located in Port of Spain, Trinidad and Tobago. It plays a significant role in the region's trade."
TT,"Galeota Point Terminal",GAL88,"Port of Spain","Trinidad and Tobago",10.13,-60.98,"River Port",Active,Low,20911808,5024153,2023679,0.66,31,76,28,45,Medium,Agriculture,8,"Optimize supply chain through Galeota Point Terminal to reduce delays.","The port of Galeota Point Terminal is located in Port of Spain, Trinidad and Tobago. It plays a significant role in the region's trade."
TT,"Pointe A Pierre",POI85,Pointe-a-Pierre,"Trinidad and Tobago",10.32,-61.47,"Dry Port",Active,Medium,14783627,6340753,8711755,0.66,94,100,78,90.67,High,"Energy, Electronics, Machinery",15,"Optimize supply chain through Pointe A Pierre to reduce delays.","The port of Pointe A Pierre is located in Pointe-a-Pierre, Trinidad and Tobago. It plays a significant role in the region's trade."
TT,Brighton,BRI22,Brighton,"Trinidad and Tobago",10.25,-61.63,"Dry Port",Active,Low,25352765,6077239,13178810,0.8,35,87,94,72,Medium,Electronics,13,"Optimize supply chain through Brighton to reduce delays.","The port of Brighton is located in Brighton, Trinidad and Tobago. It plays a significant role in the region's trade."
TN,Skhira,SKH24,"La Skhirra",Sfax,34.28,10.1,"River Port",Active,Low,8815179,264048,16074944,0.96,74,82,12,56,Medium,Machinery,14,"Optimize supply chain through Skhira to reduce delays.","The port of Skhira is located in La Skhirra, Sfax. It plays a significant role in the region's trade."
TN,"Tazerka Oil Terminal",TAZ51,"Tazerka Oil Terminal",Tunisia,36.6,11.68,"Dry Port",Active,High,14017318,8258047,19422202,0.63,94,57,17,56,Medium,Energy,17,"Optimize supply chain through Tazerka Oil Terminal to reduce delays.","The port of Tazerka Oil Terminal is located in Tazerka Oil Terminal, Tunisia. It plays a significant role in the region's trade."
TN,"La Goulette",LAG36,"La Goulette",Tunis,36.8,10.3,"River Port",Active,Medium,16156284,5153704,4955926,0.79,39,72,40,50.33,Medium,"Textiles, Energy, Chemicals",16,"Optimize supply chain through La Goulette to reduce delays.","The port of La Goulette is located in La Goulette, Tunis. It plays a significant role in the region's trade."
TN,Gabes,GAB76,Gabes,Gabes,33.9,10.12,"Offshore Terminal",Active,Low,28446713,5581967,11624674,0.77,53,98,87,79.33,High,"Chemicals, Energy, Electronics",2,"Optimize supply chain through Gabes to reduce delays.","The port of Gabes is located in Gabes, Gabes. It plays a significant role in the region's trade."
TN,Tunis,TUN50,Tunis,Tunis,36.8,10.25,Seaport,Active,Low,48312915,9026348,10650463,0.69,92,65,55,70.67,Medium,Energy,6,"Optimize supply chain through Tunis to reduce delays.","The port of Tunis is located in Tunis, Tunis. It plays a significant role in the region's trade."
TN,"Mersa Sfax",MER94,Sfax,Sfax,34.73,10.77,Seaport,Active,Medium,23032425,8864584,17493757,0.67,8,4,9,7,Low,Chemicals,10,"Optimize supply chain through Mersa Sfax to reduce delays.","The port of Mersa Sfax is located in Sfax, Sfax. It plays a significant role in the region's trade."
TC,"Grand Turk",GRA70,"Grand Turk","Turks and Caicos Islands",21.43,-71.15,"Offshore Terminal",Active,Low,31281570,5066479,13535730,0.99,91,83,50,74.67,Medium,"Textiles, Electronics",11,"Optimize supply chain through Grand Turk to reduce delays.","The port of Grand Turk is located in Grand Turk, Turks and Caicos Islands. It plays a significant role in the region's trade."
TC,"Cockburn Harbor",COC55,"Cockburn Harbor","Turks and Caicos Islands",21.5,-71.53,"River Port",Active,Medium,20786232,6860161,9666054,0.94,1,15,82,32.67,Low,"Machinery, Chemicals",7,"Optimize supply chain through Cockburn Harbor to reduce delays.","The port of Cockburn Harbor is located in Cockburn Harbor, Turks and Caicos Islands. It plays a significant role in the region's trade."
TV,"Funafuti Atoll",FUN44,"Funafuti Atoll",Tuvalu,-8.52,179.13,"River Port",Active,High,24106679,7658105,12669518,0.81,67,61,55,61,Medium,"Energy, Textiles",15,"Optimize supply chain through Funafuti Atoll to reduce delays.","The port of Funafuti Atoll is located in Funafuti Atoll, Tuvalu. It plays a significant role in the region's trade."
UA,Yalta,YAL16,Yalta,Ukraine,44.48,34.17,"Offshore Terminal",Active,Low,47038351,8510517,13563260,0.6,81,26,33,46.67,Medium,"Agriculture, Textiles",19,"Optimize supply chain through Yalta to reduce delays.","The port of Yalta is located in Yalta, Ukraine. It plays a significant role in the region's trade."
UA,Alushta,ALU93,Alushta,Ukraine,44.68,34.42,Seaport,Active,High,40626886,6573090,3415587,0.78,70,56,55,60.33,Medium,"Agriculture, Machinery",20,"Optimize supply chain through Alushta to reduce delays.","The port of Alushta is located in Alushta, Ukraine. It plays a significant role in the region's trade."
UA,"Chornomors Ke",CHO45,"Chornomors Ke",Ukraine,45.52,32.7,Seaport,Active,High,46832073,5237648,10530591,0.84,67,86,60,71,Medium,Automotive,9,"Optimize supply chain through Chornomors Ke to reduce delays.","The port of Chornomors Ke is located in Chornomors Ke, Ukraine. It plays a significant role in the region's trade."
UA,Dnipro-buzkyy,DNI28,Mykolaiv,"Mykolaiv Oblast",46.73,31.88,"Dry Port",Active,Low,9156918,5817345,6326884,0.99,60,94,85,79.67,High,Electronics,18,"Optimize supply chain through Dnipro-buzkyy to reduce delays.","The port of Dnipro-buzkyy is located in Mykolaiv, Mykolaiv Oblast. It plays a significant role in the region's trade."
UA,Yevpatoriya,YEV60,Yevpatoriya,Ukraine,45.2,33.38,"Dry Port",Active,Medium,39438745,2504448,10354381,0.7,3,62,36,33.67,Low,Machinery,2,"Optimize supply chain through Yevpatoriya to reduce delays.","The port of Yevpatoriya is located in Yevpatoriya, Ukraine. It plays a significant role in the region's trade."
UA,Balaklava,BAL92,Balaklava,Ukraine,44.5,33.6,"Dry Port",Active,Medium,27212063,321027,10156856,0.96,82,43,87,70.67,Medium,"Machinery, Textiles",10,"Optimize supply chain through Balaklava to reduce delays.","The port of Balaklava is located in Balaklava, Ukraine. It plays a significant role in the region's trade."
UA,Yuzhnyy,YUZ38,Yuzhne,"Odesa Oblast",46.6,31.02,"River Port",Active,Low,8497688,7241322,10111284,0.97,74,68,48,63.33,Medium,Energy,20,"Optimize supply chain through Yuzhnyy to reduce delays.","The port of Yuzhnyy is located in Yuzhne, Odesa Oblast. It plays a significant role in the region's trade."
UA,Skadovs'k,SKA38,Skadovs'k,Ukraine,46.1,32.92,"Dry Port",Active,High,47519237,1908320,11710278,0.63,91,27,7,41.67,Medium,"Energy, Chemicals",17,"Optimize supply chain through Skadovs'k to reduce delays.","The port of Skadovs'k is located in Skadovs'k, Ukraine. It plays a significant role in the region's trade."
UA,Henichesk,HEN59,Henichesk,Ukraine,46.17,34.82,"River Port",Active,Medium,21768391,2770732,6443083,0.55,91,29,63,61,Medium,Electronics,4,"Optimize supply chain through Henichesk to reduce delays.","The port of Henichesk is located in Henichesk, Ukraine. It plays a significant role in the region's trade."
UA,Mariupol,MAR53,Mariupol,"Donetsk Oblast",47.08,37.57,"River Port",Active,Medium,47294372,2631806,6557761,0.92,87,4,19,36.67,Low,"Electronics, Energy",8,"Optimize supply chain through Mariupol to reduce delays.","The port of Mariupol is located in Mariupol, Donetsk Oblast. It plays a significant role in the region's trade."
UA,"Port Oktyabrsk",POR70,Oktyabrsk,"Donetsk Oblast",46.83,31.93,"Dry Port",Active,High,44582882,3641563,7690941,0.63,9,18,93,40,Low,"Machinery, Electronics",11,"Optimize supply chain through Port Oktyabrsk to reduce delays.","The port of Port Oktyabrsk is located in Oktyabrsk, Donetsk Oblast. It plays a significant role in the region's trade."
UA,Reni,REN52,Reni,Ukraine,45.43,28.3,"Offshore Terminal",Active,High,42836625,2246218,589097,0.8,96,92,96,94.67,High,Chemicals,9,"Optimize supply chain through Reni to reduce delays.","The port of Reni is located in Reni, Ukraine. It plays a significant role in the region's trade."
AE,"Fujayrah Harbor",FUJ70,Fujairah,Fujairah,25.17,56.33,"River Port",Active,Low,32065995,1599214,2387132,0.82,14,32,97,47.67,Medium,Electronics,10,"Optimize supply chain through Fujayrah Harbor to reduce delays.","The port of Fujayrah Harbor is located in Fujairah, Fujairah. It plays a significant role in the region's trade."
AE,"Sharjah Offshore Terminal",SHA58,Hamriyah,Sharjah,25.58,55.4,"Dry Port",Active,Medium,10061216,8263292,4163118,0.57,3,62,88,51,Medium,Chemicals,5,"Optimize supply chain through Sharjah Offshore Terminal to reduce delays.","The port of Sharjah Offshore Terminal is located in Hamriyah, Sharjah. It plays a significant role in the region's trade."
AE,"Zirkuh Petroleum Port",ZIR27,"Al Ain","Abu Dhabi",25.02,53,"Offshore Terminal",Active,Low,46904741,2808697,15238353,0.93,3,83,32,39.33,Low,Machinery,2,"Optimize supply chain through Zirkuh Petroleum Port to reduce delays.","The port of Zirkuh Petroleum Port is located in Al Ain, Abu Dhabi. It plays a significant role in the region's trade."
AE,"Mina Jabal Ali",MIN87,"Jebel Ali",Dubai,25.02,55.05,"Offshore Terminal",Active,Low,28153380,8265062,8799996,0.85,87,84,47,72.67,Medium,Machinery,18,"Optimize supply chain through Mina Jabal Ali to reduce delays.","The port of Mina Jabal Ali is located in Jebel Ali, Dubai. It plays a significant role in the region's trade."
AE,"Khawr Fakkan",KHA63,"Khor Fakkan",Sharjah,25.35,56.38,Seaport,Active,Medium,37252844,6759485,9764268,0.85,63,49,56,56,Medium,Energy,16,"Optimize supply chain through Khawr Fakkan to reduce delays.","The port of Khawr Fakkan is located in Khor Fakkan, Sharjah. It plays a significant role in the region's trade."
GB,"St Margarets Hope",STM87,Holm,Scotland,58.83,-2.95,Seaport,Active,High,2630014,9593150,16935054,0.83,68,29,55,50.67,Medium,Energy,18,"Optimize supply chain through St Margarets Hope to reduce delays.","The port of St Margarets Hope is located in Holm, Scotland. It plays a significant role in the region's trade."
GB,Lyness,LYN51,Lyness,Scotland,58.83,-3.2,Seaport,Active,Low,16169186,6553311,12211383,0.56,100,13,99,70.67,Medium,"Machinery, Energy",17,"Optimize supply chain through Lyness to reduce delays.","The port of Lyness is located in Lyness, Scotland. It plays a significant role in the region's trade."
GB,"Dartmouth Harbour",DAR44,"Dartmouth Harbour","United Kingdom of Great Britain and Northern Ireland",50.35,-3.62,"Dry Port",Active,Medium,1156121,515260,1801651,0.87,64,48,2,38,Low,Agriculture,16,"Optimize supply chain through Dartmouth Harbour to reduce delays.","The port of Dartmouth Harbour is located in Dartmouth Harbour, United Kingdom of Great Britain and Northern Ireland. It plays a significant role in the region's trade."
GB,"Stornoway Harbor",STO62,Lewes,England,58.18,-6.37,"Dry Port",Active,Low,21242729,8229167,13583141,0.61,96,17,7,40,Low,"Energy, Chemicals",3,"Optimize supply chain through Stornoway Harbor to reduce delays.","The port of Stornoway Harbor is located in Lewes, England. It plays a significant role in the region's trade."
GB,Coleraine,COL60,Coleraine,"United Kingdom of Great Britain and Northern Ireland",55.13,-6.67,"Dry Port",Active,High,19645837,671263,4181829,0.79,71,52,32,51.67,Medium,"Electronics, Energy, Automotive",13,"Optimize supply chain through Coleraine to reduce delays.","The port of Coleraine is located in Coleraine, United Kingdom of Great Britain and Northern Ireland. It plays a significant role in the region's trade."
GB,Hunterston,HUN67,Hunterston,Scotland,55.75,-4.88,"Dry Port",Active,Medium,23992295,3139254,4510251,0.76,15,57,7,26.33,Low,Automotive,15,"Optimize supply chain through Hunterston to reduce delays.","The port of Hunterston is located in Hunterston, Scotland. It plays a significant role in the region's trade."
GB,Penzance,PEN80,Penzance,"United Kingdom of Great Britain and Northern Ireland",50.12,-5.53,"Offshore Terminal",Active,Medium,42057027,1702591,2412727,0.75,18,40,49,35.67,Low,"Chemicals, Machinery",12,"Optimize supply chain through Penzance to reduce delays.","The port of Penzance is located in Penzance, United Kingdom of Great Britain and Northern Ireland. It plays a significant role in the region's trade."
GB,Mallaig,MAL33,Mallaig,"United Kingdom of Great Britain and Northern Ireland",57,-5.82,"Dry Port",Active,High,7405194,4178992,12579288,0.75,94,20,53,55.67,Medium,"Energy, Agriculture",17,"Optimize supply chain through Mallaig to reduce delays.","The port of Mallaig is located in Mallaig, United Kingdom of Great Britain and Northern Ireland. It plays a significant role in the region's trade."
GB,Plockton,PLO42,Plockton,"United Kingdom of Great Britain and Northern Ireland",57.33,-5.65,"Offshore Terminal",Active,High,44756541,6747475,8494476,0.62,96,73,78,82.33,High,Chemicals,8,"Optimize supply chain through Plockton to reduce delays.","The port of Plockton is located in Plockton, United Kingdom of Great Britain and Northern Ireland. It plays a significant role in the region's trade."
GB,Fishguard,FIS98,Fishguard,"United Kingdom of Great Britain and Northern Ireland",52.02,-4.98,"Dry Port",Active,Low,47249842,9542499,19491553,0.69,35,91,47,57.67,Medium,"Agriculture, Chemicals, Automotive",17,"Optimize supply chain through Fishguard to reduce delays.","The port of Fishguard is located in Fishguard, United Kingdom of Great Britain and Northern Ireland. It plays a significant role in the region's trade."
US,Sandypoint,SAN67,Sandypoint,"United States of America",44.52,-68.82,"River Port",Active,Low,16485770,7922226,17034122,0.69,15,20,15,16.67,Low,Electronics,10,"Optimize supply chain through Sandypoint to reduce delays.","The port of Sandypoint is located in Sandypoint, United States of America. It plays a significant role in the region's trade."
US,Lahaina,LAH74,Lahaina,"United States of America",20.87,-156.67,"Offshore Terminal",Active,Low,13226250,6099913,17317226,0.97,57,95,75,75.67,High,Automotive,10,"Optimize supply chain through Lahaina to reduce delays.","The port of Lahaina is located in Lahaina, United States of America. It plays a significant role in the region's trade."
US,Solomon,SOL62,Solomon,"United States of America",64.55,-164.4,"Offshore Terminal",Active,Medium,19673997,8254416,15719051,0.51,9,45,39,31,Low,Electronics,11,"Optimize supply chain through Solomon to reduce delays.","The port of Solomon is located in Solomon, United States of America. It plays a significant role in the region's trade."
US,Machias,MAC81,Machias,"United States of America",44.72,-67.47,Seaport,Active,High,44330693,8831233,2139530,0.64,72,56,62,63.33,Medium,"Agriculture, Energy, Textiles",3,"Optimize supply chain through Machias to reduce delays.","The port of Machias is located in Machias, United States of America. It plays a significant role in the region's trade."
US,"Port William",POR73,"Port William","United States of America",58.48,-152.58,"River Port",Active,Medium,11578415,2128832,4096045,0.82,58,79,28,55,Medium,Agriculture,10,"Optimize supply chain through Port William to reduce delays.","The port of Port William is located in Port William, United States of America. It plays a significant role in the region's trade."
US,"St Petersburg",STP40,"St. Petersburg",Florida,27.77,-82.62,"River Port",Active,High,40890335,555338,13808066,0.51,65,71,24,53.33,Medium,"Agriculture, Automotive",4,"Optimize supply chain through St Petersburg to reduce delays.","The port of St Petersburg is located in St. Petersburg, Florida. It plays a significant role in the region's trade."
US,"Hyannis Port",HYA71,"Hyannis Port","United States of America",41.63,-70.3,"River Port",Active,High,10945353,6816568,8988577,0.6,88,15,44,49,Medium,"Machinery, Automotive",15,"Optimize supply chain through Hyannis Port to reduce delays.","The port of Hyannis Port is located in Hyannis Port, United States of America. It plays a significant role in the region's trade."
US,"Bay City",BAY25,"Bay City","United States of America",43.6,-83.87,"Offshore Terminal",Active,High,34749434,7332134,11444132,0.91,22,80,69,57,Medium,"Chemicals, Electronics",10,"Optimize supply chain through Bay City to reduce delays.","The port of Bay City is located in Bay City, United States of America. It plays a significant role in the region's trade."
UM,"St Augustine",STA69,"St Augustine","United States Minor Outlying Islands",29.9,-81.32,Seaport,Active,Low,23235826,4172845,11669515,0.51,64,31,32,42.33,Medium,Agriculture,12,"Optimize supply chain through St Augustine to reduce delays.","The port of St Augustine is located in St Augustine, United States Minor Outlying Islands. It plays a significant role in the region's trade."
UM,"Havre De Grace",HAV45,"Havre De Grace","United States Minor Outlying Islands",39.53,-76.08,"River Port",Active,High,40332699,8198114,7051096,0.63,32,8,100,46.67,Medium,"Machinery, Energy, Chemicals",18,"Optimize supply chain through Havre De Grace to reduce delays.","The port of Havre De Grace is located in Havre De Grace, United States Minor Outlying Islands. It plays a significant role in the region's trade."
UM,Metlakatla,MET38,Metlakatla,"United States Minor Outlying Islands",55.13,-131.57,"Dry Port",Active,High,9336530,1049270,11067756,0.54,53,92,90,78.33,High,"Energy, Textiles",14,"Optimize supply chain through Metlakatla to reduce delays.","The port of Metlakatla is located in Metlakatla, United States Minor Outlying Islands. It plays a significant role in the region's trade."
UM,Winslow,WIN89,Winslow,"United States Minor Outlying Islands",47.62,-122.52,Seaport,Active,Medium,34363211,4402279,1131444,0.5,73,42,12,42.33,Medium,"Electronics, Textiles",8,"Optimize supply chain through Winslow to reduce delays.","The port of Winslow is located in Winslow, United States Minor Outlying Islands. It plays a significant role in the region's trade."
UM,Katalla,KAT64,Katalla,"United States Minor Outlying Islands",60.2,-144.53,Seaport,Active,High,35260031,9459832,16002114,0.96,98,43,42,61,Medium,Electronics,4,"Optimize supply chain through Katalla to reduce delays.","The port of Katalla is located in Katalla, United States Minor Outlying Islands. It plays a significant role in the region's trade."
UM,Norsworthy,NOR60,Bayport,"New York",29.73,-95.2,"Offshore Terminal",Active,High,17365631,1280930,4033994,0.87,17,5,80,34,Low,"Energy, Agriculture",13,"Optimize supply chain through Norsworthy to reduce delays.","The port of Norsworthy is located in Bayport, New York. It plays a significant role in the region's trade."
UM,Orcas,ORC43,Orcas,"United States Minor Outlying Islands",48.6,-122.93,"River Port",Active,Medium,40784012,6323722,19398863,0.87,15,30,60,35,Low,Electronics,11,"Optimize supply chain through Orcas to reduce delays.","The port of Orcas is located in Orcas, United States Minor Outlying Islands. It plays a significant role in the region's trade."
UM,"Akutan Harbor",AKU73,"Akutan Harbor","United States Minor Outlying Islands",54.13,-165.8,Seaport,Active,High,3624944,7109537,11387686,0.71,16,79,99,64.67,Medium,"Agriculture, Electronics",11,"Optimize supply chain through Akutan Harbor to reduce delays.","The port of Akutan Harbor is located in Akutan Harbor, United States Minor Outlying Islands. It plays a significant role in the region's trade."
UM,"Presque Isle",PRE63,"Presque Isle","United States Minor Outlying Islands",46.57,-87.38,"Dry Port",Active,Low,9148262,6451539,15489875,0.62,3,39,1,14.33,Low,"Chemicals, Textiles, Machinery",15,"Optimize supply chain through Presque Isle to reduce delays.","The port of Presque Isle is located in Presque Isle, United States Minor Outlying Islands. It plays a significant role in the region's trade."
UM,Holland,HOL20,Holland,"United States Minor Outlying Islands",42.78,-86.13,Seaport,Active,Medium,36565350,8959570,7007620,0.91,58,97,53,69.33,Medium,"Textiles, Chemicals",12,"Optimize supply chain through Holland to reduce delays.","The port of Holland is located in Holland, United States Minor Outlying Islands. It plays a significant role in the region's trade."
UM,Georgetown,GEO19,Georgetown,"United States Minor Outlying Islands",33.37,-79.28,"Dry Port",Active,High,32441815,2928409,18921808,0.58,13,52,81,48.67,Medium,Chemicals,5,"Optimize supply chain through Georgetown to reduce delays.","The port of Georgetown is located in Georgetown, United States Minor Outlying Islands. It plays a significant role in the region's trade."
UY,"Fray Bentos",FRA39,"Fray Bentos","Río Negro",-33.12,-58.32,Seaport,Active,Low,43544364,9786481,15632974,0.54,13,45,64,40.67,Medium,"Chemicals, Agriculture, Textiles",17,"Optimize supply chain through Fray Bentos to reduce delays.","The port of Fray Bentos is located in Fray Bentos, Río Negro. It plays a significant role in the region's trade."
UY,"Puerto Sauce",PUE53,"Puerto Sauce",Uruguay,-34.43,-57.45,"Dry Port",Active,High,43613030,5908124,8449181,0.61,38,11,64,37.67,Low,"Agriculture, Automotive, Electronics",12,"Optimize supply chain through Puerto Sauce to reduce delays.","The port of Puerto Sauce is located in Puerto Sauce, Uruguay. It plays a significant role in the region's trade."
UY,Colonia,COL88,Colonia,Uruguay,-34.47,-57.85,"Offshore Terminal",Active,High,38337461,9466134,4099809,0.53,36,18,9,21,Low,"Automotive, Energy",7,"Optimize supply chain through Colonia to reduce delays.","The port of Colonia is located in Colonia, Uruguay. It plays a significant role in the region's trade."
UY,"La Paloma",LAP63,"La Paloma",Rocha,-34.65,-54.15,"River Port",Active,High,48687955,556910,19355524,0.85,12,73,35,40,Low,"Automotive, Chemicals",2,"Optimize supply chain through La Paloma to reduce delays.","The port of La Paloma is located in La Paloma, Rocha. It plays a significant role in the region's trade."
UY,"Nueva Palmira",NUE82,"Nueva Palmira",Colonia,-33.88,-58.42,Seaport,Active,High,1302141,8794056,3007860,0.82,41,4,59,34.67,Low,"Chemicals, Automotive",7,"Optimize supply chain through Nueva Palmira to reduce delays.","The port of Nueva Palmira is located in Nueva Palmira, Colonia. It plays a significant role in the region's trade."
UY,Montevideo,MON49,Montevideo,Montevideo,-34.9,-56.22,"River Port",Active,High,18655327,7143565,7232579,1,22,80,27,43,Medium,Electronics,11,"Optimize supply chain through Montevideo to reduce delays.","The port of Montevideo is located in Montevideo, Montevideo. It plays a significant role in the region's trade."
UY,"Jose Ignacio",JOS72,"José Ignacio",Maldonado,-34.95,-54.7,Seaport,Active,High,34152552,8008812,9906241,0.8,98,95,54,82.33,High,"Chemicals, Energy",15,"Optimize supply chain through Jose Ignacio to reduce delays.","The port of Jose Ignacio is located in José Ignacio, Maldonado. It plays a significant role in the region's trade."
VU,Luganville,LUG81,Luganville,Sanma,-15.52,167.17,"Offshore Terminal",Active,Low,22768392,1591860,4633255,0.5,79,60,19,52.67,Medium,"Electronics, Textiles",4,"Optimize supply chain through Luganville to reduce delays.","The port of Luganville is located in Luganville, Sanma. It plays a significant role in the region's trade."
VU,"Forari Bay",FOR26,"Forari Bay",Vanuatu,-17.68,168.55,"Offshore Terminal",Active,High,4316769,5299282,8992346,0.62,97,14,65,58.67,Medium,Machinery,6,"Optimize supply chain through Forari Bay to reduce delays.","The port of Forari Bay is located in Forari Bay, Vanuatu. It plays a significant role in the region's trade."
VU,"Port Vila",POR14,"Port Vila",Shefa,-17.73,168.32,Seaport,Active,Low,48856643,3554304,18183673,0.58,46,87,23,52,Medium,Energy,13,"Optimize supply chain through Port Vila to reduce delays.","The port of Port Vila is located in Port Vila, Shefa. It plays a significant role in the region's trade."
VE,"El Tabiazo",ELT50,"El Tabiazo","Venezuela, Bolivarian Republic of",10.77,-71.53,"Offshore Terminal",Active,Low,46712459,1082152,10128315,0.91,48,70,59,59,Medium,"Textiles, Energy",6,"Optimize supply chain through El Tabiazo to reduce delays.","The port of El Tabiazo is located in El Tabiazo, Venezuela, Bolivarian Republic of. It plays a significant role in the region's trade."
VE,"Puerto Borburata",PUE44,"Puerto Borburata","Venezuela, Bolivarian Republic of",10.48,-67.98,"Dry Port",Active,Low,20583074,3055566,16165055,1,44,79,34,52.33,Medium,Electronics,2,"Optimize supply chain through Puerto Borburata to reduce delays.","The port of Puerto Borburata is located in Puerto Borburata, Venezuela, Bolivarian Republic of. It plays a significant role in the region's trade."
VE,"Las Piedras",LAS89,Paraguaná,Falcón,11.7,-70.22,"Offshore Terminal",Active,Medium,2844090,5003731,19534389,0.8,54,82,92,76,High,Automotive,14,"Optimize supply chain through Las Piedras to reduce delays.","The port of Las Piedras is located in Paraguaná, Falcón. It plays a significant role in the region's trade."
VE,"Punta Cardon",PUN37,"Punta Cardón",Falcón,11.63,-70.23,"Dry Port",Active,High,20233131,4123560,16749206,0.88,8,27,28,21,Low,Chemicals,5,"Optimize supply chain through Punta Cardon to reduce delays.","The port of Punta Cardon is located in Punta Cardón, Falcón. It plays a significant role in the region's trade."
VE,"Puerto Chichiriviche",PUE82,"Puerto Chichiriviche","Venezuela, Bolivarian Republic of",10.92,-68.27,"Offshore Terminal",Active,High,11506432,8665916,6623184,0.5,69,25,45,46.33,Medium,Machinery,2,"Optimize supply chain through Puerto Chichiriviche to reduce delays.","The port of Puerto Chichiriviche is located in Puerto Chichiriviche, Venezuela, Bolivarian Republic of. It plays a significant role in the region's trade."
VE,Venterminals,VEN18,Venterminals,"Venezuela, Bolivarian Republic of",10.48,-68.03,"Offshore Terminal",Active,Medium,44137573,6072204,17716298,0.61,75,69,41,61.67,Medium,"Automotive, Textiles",7,"Optimize supply chain through Venterminals to reduce delays.","The port of Venterminals is located in Venterminals, Venezuela, Bolivarian Republic of. It plays a significant role in the region's trade."
VE,"Catia La Mar",CAT56,"Catia La Mar","Venezuela, Bolivarian Republic of",10.6,-67.02,Seaport,Active,High,22951854,298078,650619,0.68,27,4,27,19.33,Low,"Electronics, Chemicals",17,"Optimize supply chain through Catia La Mar to reduce delays.","The port of Catia La Mar is located in Catia La Mar, Venezuela, Bolivarian Republic of. It plays a significant role in the region's trade."
VE,"Puerto Miranda",PUE84,"Puerto Miranda",Falcón,10.77,-71.57,"River Port",Active,High,7758264,3800572,6946390,0.73,6,74,69,49.67,Medium,Textiles,7,"Optimize supply chain through Puerto Miranda to reduce delays.","The port of Puerto Miranda is located in Puerto Miranda, Falcón. It plays a significant role in the region's trade."
WF,Mata-utu,MAT66,Mata-utu,"Wallis and Futuna",-13.28,-176.13,"Offshore Terminal",Active,High,15403285,5104696,18769509,0.87,55,92,67,71.33,Medium,Textiles,5,"Optimize supply chain through Mata-utu to reduce delays.","The port of Mata-utu is located in Mata-utu, Wallis and Futuna. It plays a significant role in the region's trade."
EH,Laayoune,LAA36,Laâyoune,"Western Sahara",27.08,-13.43,"River Port",Active,Low,43928563,5275599,11451278,0.79,37,34,19,30,Low,"Chemicals, Electronics",3,"Optimize supply chain through Laayoune to reduce delays.","The port of Laayoune is located in Laâyoune, Western Sahara. It plays a significant role in the region's trade."
EH,"Ad Dakhla",ADD80,"Ad Dakhla","Western Sahara",23.7,-15.92,"Dry Port",Active,Low,19784880,1054723,18842380,0.97,22,46,5,24.33,Low,Chemicals,10,"Optimize supply chain through Ad Dakhla to reduce delays.","The port of Ad Dakhla is located in Ad Dakhla, Western Sahara. It plays a significant role in the region's trade."
YE,Balhaf,BAL29,Balhaf,Shabwah,13.97,48.18,Seaport,Active,High,5255258,3618553,4656844,0.65,5,100,9,38,Low,"Chemicals, Energy, Automotive",15,"Optimize supply chain through Balhaf to reduce delays.","The port of Balhaf is located in Balhaf, Shabwah. It plays a significant role in the region's trade."
YE,"Rudum Terminal",RUD76,"Al Mukalla",Hadhramaut,13.98,47.92,"River Port",Active,Low,9618663,2222292,6935574,0.68,86,34,44,54.67,Medium,"Chemicals, Agriculture",18,"Optimize supply chain through Rudum Terminal to reduce delays.","The port of Rudum Terminal is located in Al Mukalla, Hadhramaut. It plays a significant role in the region's trade."
YE,"Al Mukalla",ALM32,Khalf,Socotra,14.52,49.12,"River Port",Active,High,28563252,8701076,1132203,0.78,85,40,10,45,Medium,"Textiles, Automotive",16,"Optimize supply chain through Al Mukalla to reduce delays.","The port of Al Mukalla is located in Khalf, Socotra. It plays a significant role in the region's trade."
YE,"Ash Shihr Oil Terminal",ASH46,"Ash Shihr",Hadhramaut,14.73,49.5,"Dry Port",Active,High,48019540,8348104,15046799,0.78,45,37,55,45.67,Medium,"Chemicals, Machinery",10,"Optimize supply chain through Ash Shihr Oil Terminal to reduce delays.","The port of Ash Shihr Oil Terminal is located in Ash Shihr, Hadhramaut. It plays a significant role in the region's trade."
YE,"Ras Isa Marine Terminal",RAS69,"Ras Isa","Al Hudaydah",15.13,42.6,"Offshore Terminal",Active,High,9186855,7589189,18412756,0.79,84,94,99,92.33,High,"Textiles, Electronics, Energy",12,"Optimize supply chain through Ras Isa Marine Terminal to reduce delays.","The port of Ras Isa Marine Terminal is located in Ras Isa, Al Hudaydah. It plays a significant role in the region's trade."
YE,"Al Ahmadi",ALA55,Hodeidah,"Al Hudaydah",14.83,42.97,Seaport,Active,High,23710676,4616426,4252340,0.79,58,19,44,40.33,Medium,"Machinery, Electronics",17,"Optimize supply chain through Al Ahmadi to reduce delays.","The port of Al Ahmadi is located in Hodeidah, Al Hudaydah. It plays a significant role in the region's trade."
YE,"Al Mukha",ALM85,Mocha,Taiz,13.32,43.25,"River Port",Active,Low,44203096,675217,16869858,1,19,84,89,64,Medium,"Electronics, Automotive",15,"Optimize supply chain through Al Mukha to reduce delays.","The port of Al Mukha is located in Mocha, Taiz. It plays a significant role in the region's trade."
KR,"Sokch'o Hang",SOK82,"Sokch'o Hang","Korea, Republic of",38.2,128.6,Seaport,Active,High,42634901,659725,6180744,0.99,73,99,35,69,Medium,"Electronics, Agriculture",20,"Optimize supply chain through Sokch'o Hang to reduce delays.","The port of Sokch'o Hang is located in Sokch'o Hang, Korea, Republic of. It plays a significant role in the region's trade."
KR,Pusan,PUS25,Busan,"South Gyeongsang",35.1,129.03,"River Port",Active,Medium,9017285,4022250,10144157,0.54,100,99,17,72,Medium,"Electronics, Energy, Textiles",16,"Optimize supply chain through Pusan to reduce delays.","The port of Pusan is located in Busan, South Gyeongsang. It plays a significant role in the region's trade."
KR,Ulsan,ULS35,Ulsan,Ulsan,35.45,129.4,"Offshore Terminal",Active,High,26405238,9717789,19610517,0.98,76,1,41,39.33,Low,"Electronics, Textiles, Automotive",15,"Optimize supply chain through Ulsan to reduce delays.","The port of Ulsan is located in Ulsan, Ulsan. It plays a significant role in the region's trade."
KR,Inchon,INC42,Incheon,Incheon,37.47,126.62,"Dry Port",Active,Low,34415633,2791474,2323914,0.61,19,39,80,46,Medium,"Textiles, Agriculture",6,"Optimize supply chain through Inchon to reduce delays.","The port of Inchon is located in Incheon, Incheon. It plays a significant role in the region's trade."
KR,Mukho,MUK49,Bukpyung,Gangwon-do,37.57,129.12,"River Port",Active,Low,48961222,1316249,17108779,0.75,7,48,56,37,Low,Electronics,17,"Optimize supply chain through Mukho to reduce delays.","The port of Mukho is located in Bukpyung, Gangwon-do. It plays a significant role in the region's trade."
KR,"Pyeongtaek Hang",PYE44,Pyeongtaek,Gyeonggi-do,37,126.8,Seaport,Active,Medium,18849054,1601507,5513903,0.91,13,53,88,51.33,Medium,Agriculture,10,"Optimize supply chain through Pyeongtaek Hang to reduce delays.","The port of Pyeongtaek Hang is located in Pyeongtaek, Gyeonggi-do. It plays a significant role in the region's trade."
KR,"Cheju Hang",CHE74,"Cheju Hang","Korea, Republic of",33.52,126.53,"Dry Port",Active,High,32215428,2461599,8915051,0.74,3,92,51,48.67,Medium,Chemicals,7,"Optimize supply chain through Cheju Hang to reduce delays.","The port of Cheju Hang is located in Cheju Hang, Korea, Republic of. It plays a significant role in the region's trade."
KR,Chinae,CHI91,Chinae,"Korea, Republic of",35.13,128.65,"River Port",Active,Low,20340473,834647,4638512,0.54,24,37,3,21.33,Low,Agriculture,3,"Optimize supply chain through Chinae to reduce delays.","The port of Chinae is located in Chinae, Korea, Republic of. It plays a significant role in the region's trade."
VN,"Cam Pha",CAM40,"Cam Pha","Quang Ninh",21.03,107.37,"Offshore Terminal",Active,Medium,13795416,7462660,4799466,0.59,79,8,17,34.67,Low,Energy,10,"Optimize supply chain through Cam Pha to reduce delays.","The port of Cam Pha is located in Cam Pha, Quang Ninh. It plays a significant role in the region's trade."
VN,"Cat Lai",CAT56,"Nhà Bè","Ho Chi Minh",10.75,106.78,Seaport,Active,Medium,12296952,7810589,6641328,1,92,4,73,56.33,Medium,"Textiles, Energy, Automotive",20,"Optimize supply chain through Cat Lai to reduce delays.","The port of Cat Lai is located in Nhà Bè, Ho Chi Minh. It plays a significant role in the region's trade."
VN,"Vung Tau",VUN73,"Vung Tau","Ba Ria-Vung Tau",10.35,107.07,"Dry Port",Active,High,29279096,5668957,19780135,0.81,50,48,17,38.33,Low,Agriculture,7,"Optimize supply chain through Vung Tau to reduce delays.","The port of Vung Tau is located in Vung Tau, Ba Ria-Vung Tau. It plays a significant role in the region's trade."
VN,"Thanh Hoa",THA40,"Cái Mép","Bà Rịa-Vũng Tàu",10.82,106.77,"Offshore Terminal",Active,High,37587891,1788781,15981904,0.5,6,51,50,35.67,Low,Agriculture,9,"Optimize supply chain through Thanh Hoa to reduce delays.","The port of Thanh Hoa is located in Cái Mép, Bà Rịa-Vũng Tàu. It plays a significant role in the region's trade."
VN,"Vinh Cam Ranh",VIN55,"Vinh Cam Ranh","Viet Nam",11.88,109.17,"River Port",Active,High,7804508,3329477,6845849,0.91,93,84,90,89,High,"Automotive, Electronics",5,"Optimize supply chain through Vinh Cam Ranh to reduce delays.","The port of Vinh Cam Ranh is located in Vinh Cam Ranh, Viet Nam. It plays a significant role in the region's trade."
